
DELETE FROM attendance;
DELETE FROM sessions;
DELETE FROM players;
DELETE FROM parents;

INSERT INTO parents (id, email, password) VALUES (1, 'parent@email.com', 'password');
INSERT INTO players (id, parent_id, firstname, lastname, initials, group_name, photo_b64, latest_plan) VALUES (1, 1, 'Liam', 'Smith', 'LS', 'Development', '/assets/player1.png', NULL);
INSERT INTO players (id, parent_id, firstname, lastname, initials, group_name, photo_b64, latest_plan) VALUES (2, 1, 'Mia', 'Johnson', 'MJ', 'Master Class', '/assets/player2.png', NULL);
INSERT INTO players (id, parent_id, firstname, lastname, initials, group_name, photo_b64, latest_plan) VALUES (3, 1, 'Noah', 'Williams', 'NW', 'Foundation', '/assets/player3.png', NULL);
INSERT INTO players (id, parent_id, firstname, lastname, initials, group_name, photo_b64, latest_plan) VALUES (4, 1, 'Sophia', 'Brown', 'SB', 'Development', '/assets/player4.png', NULL);
INSERT INTO sessions (id, group_name, date, time_str) VALUES (1, 'Foundation', '2026-04-27', '4:00 PM');
INSERT INTO attendance (session_id, player_id, is_attending) VALUES (1, 3, 1);
INSERT INTO sessions (id, group_name, date, time_str) VALUES (2, 'Development', '2026-04-27', '5:30 PM');
INSERT INTO attendance (session_id, player_id, is_attending) VALUES (2, 1, 1);
INSERT INTO attendance (session_id, player_id, is_attending) VALUES (2, 4, 1);
INSERT INTO sessions (id, group_name, date, time_str) VALUES (3, 'Master Class', '2026-04-27', '7:00 PM');
INSERT INTO attendance (session_id, player_id, is_attending) VALUES (3, 2, 1);
INSERT INTO sessions (id, group_name, date, time_str) VALUES (4, 'Foundation', '2026-04-28', '4:00 PM');
INSERT INTO attendance (session_id, player_id, is_attending) VALUES (4, 3, 1);
INSERT INTO sessions (id, group_name, date, time_str) VALUES (5, 'Development', '2026-04-28', '5:30 PM');
INSERT INTO attendance (session_id, player_id, is_attending) VALUES (5, 1, 1);
INSERT INTO attendance (session_id, player_id, is_attending) VALUES (5, 4, 1);
INSERT INTO sessions (id, group_name, date, time_str) VALUES (6, 'Master Class', '2026-04-28', '7:00 PM');
INSERT INTO attendance (session_id, player_id, is_attending) VALUES (6, 2, 0);
INSERT INTO sessions (id, group_name, date, time_str) VALUES (7, 'Foundation', '2026-04-29', '4:00 PM');
INSERT INTO attendance (session_id, player_id, is_attending) VALUES (7, 3, 1);
INSERT INTO sessions (id, group_name, date, time_str) VALUES (8, 'Development', '2026-04-29', '5:30 PM');
INSERT INTO attendance (session_id, player_id, is_attending) VALUES (8, 1, 1);
INSERT INTO attendance (session_id, player_id, is_attending) VALUES (8, 4, 1);
INSERT INTO sessions (id, group_name, date, time_str) VALUES (9, 'Master Class', '2026-04-29', '7:00 PM');
INSERT INTO attendance (session_id, player_id, is_attending) VALUES (9, 2, 1);
INSERT INTO sessions (id, group_name, date, time_str) VALUES (10, 'Foundation', '2026-04-30', '4:00 PM');
INSERT INTO attendance (session_id, player_id, is_attending) VALUES (10, 3, 1);
INSERT INTO sessions (id, group_name, date, time_str) VALUES (11, 'Development', '2026-04-30', '5:30 PM');
INSERT INTO attendance (session_id, player_id, is_attending) VALUES (11, 1, 1);
INSERT INTO attendance (session_id, player_id, is_attending) VALUES (11, 4, 1);
INSERT INTO sessions (id, group_name, date, time_str) VALUES (12, 'Master Class', '2026-04-30', '7:00 PM');
INSERT INTO attendance (session_id, player_id, is_attending) VALUES (12, 2, 1);
INSERT INTO sessions (id, group_name, date, time_str) VALUES (13, 'Foundation', '2026-05-04', '4:00 PM');
INSERT INTO attendance (session_id, player_id, is_attending) VALUES (13, 3, 1);
INSERT INTO sessions (id, group_name, date, time_str) VALUES (14, 'Development', '2026-05-04', '5:30 PM');
INSERT INTO attendance (session_id, player_id, is_attending) VALUES (14, 1, 1);
INSERT INTO attendance (session_id, player_id, is_attending) VALUES (14, 4, 1);
INSERT INTO sessions (id, group_name, date, time_str) VALUES (15, 'Master Class', '2026-05-04', '7:00 PM');
INSERT INTO attendance (session_id, player_id, is_attending) VALUES (15, 2, 0);
INSERT INTO sessions (id, group_name, date, time_str) VALUES (16, 'Foundation', '2026-05-05', '4:00 PM');
INSERT INTO attendance (session_id, player_id, is_attending) VALUES (16, 3, 0);
INSERT INTO sessions (id, group_name, date, time_str) VALUES (17, 'Development', '2026-05-05', '5:30 PM');
INSERT INTO attendance (session_id, player_id, is_attending) VALUES (17, 1, 1);
INSERT INTO attendance (session_id, player_id, is_attending) VALUES (17, 4, 0);
INSERT INTO sessions (id, group_name, date, time_str) VALUES (18, 'Master Class', '2026-05-05', '7:00 PM');
INSERT INTO attendance (session_id, player_id, is_attending) VALUES (18, 2, 1);
INSERT INTO sessions (id, group_name, date, time_str) VALUES (19, 'Foundation', '2026-05-06', '4:00 PM');
INSERT INTO attendance (session_id, player_id, is_attending) VALUES (19, 3, 1);
INSERT INTO sessions (id, group_name, date, time_str) VALUES (20, 'Development', '2026-05-06', '5:30 PM');
INSERT INTO attendance (session_id, player_id, is_attending) VALUES (20, 1, 1);
INSERT INTO attendance (session_id, player_id, is_attending) VALUES (20, 4, 0);
INSERT INTO sessions (id, group_name, date, time_str) VALUES (21, 'Master Class', '2026-05-06', '7:00 PM');
INSERT INTO attendance (session_id, player_id, is_attending) VALUES (21, 2, 1);
INSERT INTO sessions (id, group_name, date, time_str) VALUES (22, 'Foundation', '2026-05-07', '4:00 PM');
INSERT INTO attendance (session_id, player_id, is_attending) VALUES (22, 3, 1);
INSERT INTO sessions (id, group_name, date, time_str) VALUES (23, 'Development', '2026-05-07', '5:30 PM');
INSERT INTO attendance (session_id, player_id, is_attending) VALUES (23, 1, 1);
INSERT INTO attendance (session_id, player_id, is_attending) VALUES (23, 4, 1);
INSERT INTO sessions (id, group_name, date, time_str) VALUES (24, 'Master Class', '2026-05-07', '7:00 PM');
INSERT INTO attendance (session_id, player_id, is_attending) VALUES (24, 2, 1);
INSERT INTO sessions (id, group_name, date, time_str) VALUES (25, 'Foundation', '2026-05-11', '4:00 PM');
INSERT INTO attendance (session_id, player_id, is_attending) VALUES (25, 3, 0);
INSERT INTO sessions (id, group_name, date, time_str) VALUES (26, 'Development', '2026-05-11', '5:30 PM');
INSERT INTO attendance (session_id, player_id, is_attending) VALUES (26, 1, 0);
INSERT INTO attendance (session_id, player_id, is_attending) VALUES (26, 4, 1);
INSERT INTO sessions (id, group_name, date, time_str) VALUES (27, 'Master Class', '2026-05-11', '7:00 PM');
INSERT INTO attendance (session_id, player_id, is_attending) VALUES (27, 2, 1);
INSERT INTO sessions (id, group_name, date, time_str) VALUES (28, 'Foundation', '2026-05-12', '4:00 PM');
INSERT INTO attendance (session_id, player_id, is_attending) VALUES (28, 3, 1);
INSERT INTO sessions (id, group_name, date, time_str) VALUES (29, 'Development', '2026-05-12', '5:30 PM');
INSERT INTO attendance (session_id, player_id, is_attending) VALUES (29, 1, 1);
INSERT INTO attendance (session_id, player_id, is_attending) VALUES (29, 4, 0);
INSERT INTO sessions (id, group_name, date, time_str) VALUES (30, 'Master Class', '2026-05-12', '7:00 PM');
INSERT INTO attendance (session_id, player_id, is_attending) VALUES (30, 2, 1);
INSERT INTO sessions (id, group_name, date, time_str) VALUES (31, 'Foundation', '2026-05-13', '4:00 PM');
INSERT INTO attendance (session_id, player_id, is_attending) VALUES (31, 3, 0);
INSERT INTO sessions (id, group_name, date, time_str) VALUES (32, 'Development', '2026-05-13', '5:30 PM');
INSERT INTO attendance (session_id, player_id, is_attending) VALUES (32, 1, 1);
INSERT INTO attendance (session_id, player_id, is_attending) VALUES (32, 4, 0);
INSERT INTO sessions (id, group_name, date, time_str) VALUES (33, 'Master Class', '2026-05-13', '7:00 PM');
INSERT INTO attendance (session_id, player_id, is_attending) VALUES (33, 2, 1);
INSERT INTO sessions (id, group_name, date, time_str) VALUES (34, 'Foundation', '2026-05-14', '4:00 PM');
INSERT INTO attendance (session_id, player_id, is_attending) VALUES (34, 3, 1);
INSERT INTO sessions (id, group_name, date, time_str) VALUES (35, 'Development', '2026-05-14', '5:30 PM');
INSERT INTO attendance (session_id, player_id, is_attending) VALUES (35, 1, 1);
INSERT INTO attendance (session_id, player_id, is_attending) VALUES (35, 4, 1);
INSERT INTO sessions (id, group_name, date, time_str) VALUES (36, 'Master Class', '2026-05-14', '7:00 PM');
INSERT INTO attendance (session_id, player_id, is_attending) VALUES (36, 2, 1);
INSERT INTO sessions (id, group_name, date, time_str) VALUES (37, 'Foundation', '2026-05-18', '4:00 PM');
INSERT INTO attendance (session_id, player_id, is_attending) VALUES (37, 3, 1);
INSERT INTO sessions (id, group_name, date, time_str) VALUES (38, 'Development', '2026-05-18', '5:30 PM');
INSERT INTO attendance (session_id, player_id, is_attending) VALUES (38, 1, 0);
INSERT INTO attendance (session_id, player_id, is_attending) VALUES (38, 4, 1);
INSERT INTO sessions (id, group_name, date, time_str) VALUES (39, 'Master Class', '2026-05-18', '7:00 PM');
INSERT INTO attendance (session_id, player_id, is_attending) VALUES (39, 2, 1);
INSERT INTO sessions (id, group_name, date, time_str) VALUES (40, 'Foundation', '2026-05-19', '4:00 PM');
INSERT INTO attendance (session_id, player_id, is_attending) VALUES (40, 3, 1);
INSERT INTO sessions (id, group_name, date, time_str) VALUES (41, 'Development', '2026-05-19', '5:30 PM');
INSERT INTO attendance (session_id, player_id, is_attending) VALUES (41, 1, 1);
INSERT INTO attendance (session_id, player_id, is_attending) VALUES (41, 4, 1);
INSERT INTO sessions (id, group_name, date, time_str) VALUES (42, 'Master Class', '2026-05-19', '7:00 PM');
INSERT INTO attendance (session_id, player_id, is_attending) VALUES (42, 2, 1);
INSERT INTO sessions (id, group_name, date, time_str) VALUES (43, 'Foundation', '2026-05-20', '4:00 PM');
INSERT INTO attendance (session_id, player_id, is_attending) VALUES (43, 3, 1);
INSERT INTO sessions (id, group_name, date, time_str) VALUES (44, 'Development', '2026-05-20', '5:30 PM');
INSERT INTO attendance (session_id, player_id, is_attending) VALUES (44, 1, 1);
INSERT INTO attendance (session_id, player_id, is_attending) VALUES (44, 4, 1);
INSERT INTO sessions (id, group_name, date, time_str) VALUES (45, 'Master Class', '2026-05-20', '7:00 PM');
INSERT INTO attendance (session_id, player_id, is_attending) VALUES (45, 2, 1);
INSERT INTO sessions (id, group_name, date, time_str) VALUES (46, 'Foundation', '2026-05-21', '4:00 PM');
INSERT INTO attendance (session_id, player_id, is_attending) VALUES (46, 3, 1);
INSERT INTO sessions (id, group_name, date, time_str) VALUES (47, 'Development', '2026-05-21', '5:30 PM');
INSERT INTO attendance (session_id, player_id, is_attending) VALUES (47, 1, 1);
INSERT INTO attendance (session_id, player_id, is_attending) VALUES (47, 4, 1);
INSERT INTO sessions (id, group_name, date, time_str) VALUES (48, 'Master Class', '2026-05-21', '7:00 PM');
INSERT INTO attendance (session_id, player_id, is_attending) VALUES (48, 2, 1);
INSERT INTO sessions (id, group_name, date, time_str) VALUES (49, 'Foundation', '2026-05-25', '4:00 PM');
INSERT INTO attendance (session_id, player_id, is_attending) VALUES (49, 3, 0);
INSERT INTO sessions (id, group_name, date, time_str) VALUES (50, 'Development', '2026-05-25', '5:30 PM');
INSERT INTO attendance (session_id, player_id, is_attending) VALUES (50, 1, 1);
INSERT INTO attendance (session_id, player_id, is_attending) VALUES (50, 4, 1);
INSERT INTO sessions (id, group_name, date, time_str) VALUES (51, 'Master Class', '2026-05-25', '7:00 PM');
INSERT INTO attendance (session_id, player_id, is_attending) VALUES (51, 2, 0);
INSERT INTO sessions (id, group_name, date, time_str) VALUES (52, 'Foundation', '2026-05-26', '4:00 PM');
INSERT INTO attendance (session_id, player_id, is_attending) VALUES (52, 3, 1);
INSERT INTO sessions (id, group_name, date, time_str) VALUES (53, 'Development', '2026-05-26', '5:30 PM');
INSERT INTO attendance (session_id, player_id, is_attending) VALUES (53, 1, 1);
INSERT INTO attendance (session_id, player_id, is_attending) VALUES (53, 4, 1);
INSERT INTO sessions (id, group_name, date, time_str) VALUES (54, 'Master Class', '2026-05-26', '7:00 PM');
INSERT INTO attendance (session_id, player_id, is_attending) VALUES (54, 2, 0);
INSERT INTO sessions (id, group_name, date, time_str) VALUES (55, 'Foundation', '2026-05-27', '4:00 PM');
INSERT INTO attendance (session_id, player_id, is_attending) VALUES (55, 3, 1);
INSERT INTO sessions (id, group_name, date, time_str) VALUES (56, 'Development', '2026-05-27', '5:30 PM');
INSERT INTO attendance (session_id, player_id, is_attending) VALUES (56, 1, 1);
INSERT INTO attendance (session_id, player_id, is_attending) VALUES (56, 4, 1);
INSERT INTO sessions (id, group_name, date, time_str) VALUES (57, 'Master Class', '2026-05-27', '7:00 PM');
INSERT INTO attendance (session_id, player_id, is_attending) VALUES (57, 2, 1);
INSERT INTO sessions (id, group_name, date, time_str) VALUES (58, 'Foundation', '2026-05-28', '4:00 PM');
INSERT INTO attendance (session_id, player_id, is_attending) VALUES (58, 3, 1);
INSERT INTO sessions (id, group_name, date, time_str) VALUES (59, 'Development', '2026-05-28', '5:30 PM');
INSERT INTO attendance (session_id, player_id, is_attending) VALUES (59, 1, 0);
INSERT INTO attendance (session_id, player_id, is_attending) VALUES (59, 4, 1);
INSERT INTO sessions (id, group_name, date, time_str) VALUES (60, 'Master Class', '2026-05-28', '7:00 PM');
INSERT INTO attendance (session_id, player_id, is_attending) VALUES (60, 2, 1);
INSERT INTO sessions (id, group_name, date, time_str) VALUES (61, 'Foundation', '2026-06-01', '4:00 PM');
INSERT INTO attendance (session_id, player_id, is_attending) VALUES (61, 3, 1);
INSERT INTO sessions (id, group_name, date, time_str) VALUES (62, 'Development', '2026-06-01', '5:30 PM');
INSERT INTO attendance (session_id, player_id, is_attending) VALUES (62, 1, 1);
INSERT INTO attendance (session_id, player_id, is_attending) VALUES (62, 4, 1);
INSERT INTO sessions (id, group_name, date, time_str) VALUES (63, 'Master Class', '2026-06-01', '7:00 PM');
INSERT INTO attendance (session_id, player_id, is_attending) VALUES (63, 2, 1);
INSERT INTO sessions (id, group_name, date, time_str) VALUES (64, 'Foundation', '2026-06-02', '4:00 PM');
INSERT INTO attendance (session_id, player_id, is_attending) VALUES (64, 3, 1);
INSERT INTO sessions (id, group_name, date, time_str) VALUES (65, 'Development', '2026-06-02', '5:30 PM');
INSERT INTO attendance (session_id, player_id, is_attending) VALUES (65, 1, 1);
INSERT INTO attendance (session_id, player_id, is_attending) VALUES (65, 4, 1);
INSERT INTO sessions (id, group_name, date, time_str) VALUES (66, 'Master Class', '2026-06-02', '7:00 PM');
INSERT INTO attendance (session_id, player_id, is_attending) VALUES (66, 2, 1);
INSERT INTO sessions (id, group_name, date, time_str) VALUES (67, 'Foundation', '2026-06-03', '4:00 PM');
INSERT INTO attendance (session_id, player_id, is_attending) VALUES (67, 3, 0);
INSERT INTO sessions (id, group_name, date, time_str) VALUES (68, 'Development', '2026-06-03', '5:30 PM');
INSERT INTO attendance (session_id, player_id, is_attending) VALUES (68, 1, 1);
INSERT INTO attendance (session_id, player_id, is_attending) VALUES (68, 4, 1);
INSERT INTO sessions (id, group_name, date, time_str) VALUES (69, 'Master Class', '2026-06-03', '7:00 PM');
INSERT INTO attendance (session_id, player_id, is_attending) VALUES (69, 2, 1);
INSERT INTO sessions (id, group_name, date, time_str) VALUES (70, 'Foundation', '2026-06-04', '4:00 PM');
INSERT INTO attendance (session_id, player_id, is_attending) VALUES (70, 3, 1);
INSERT INTO sessions (id, group_name, date, time_str) VALUES (71, 'Development', '2026-06-04', '5:30 PM');
INSERT INTO attendance (session_id, player_id, is_attending) VALUES (71, 1, 1);
INSERT INTO attendance (session_id, player_id, is_attending) VALUES (71, 4, 1);
INSERT INTO sessions (id, group_name, date, time_str) VALUES (72, 'Master Class', '2026-06-04', '7:00 PM');
INSERT INTO attendance (session_id, player_id, is_attending) VALUES (72, 2, 1);
INSERT INTO sessions (id, group_name, date, time_str) VALUES (73, 'Foundation', '2026-06-08', '4:00 PM');
INSERT INTO attendance (session_id, player_id, is_attending) VALUES (73, 3, 0);
INSERT INTO sessions (id, group_name, date, time_str) VALUES (74, 'Development', '2026-06-08', '5:30 PM');
INSERT INTO attendance (session_id, player_id, is_attending) VALUES (74, 1, 1);
INSERT INTO attendance (session_id, player_id, is_attending) VALUES (74, 4, 1);
INSERT INTO sessions (id, group_name, date, time_str) VALUES (75, 'Master Class', '2026-06-08', '7:00 PM');
INSERT INTO attendance (session_id, player_id, is_attending) VALUES (75, 2, 0);
INSERT INTO sessions (id, group_name, date, time_str) VALUES (76, 'Foundation', '2026-06-09', '4:00 PM');
INSERT INTO attendance (session_id, player_id, is_attending) VALUES (76, 3, 1);
INSERT INTO sessions (id, group_name, date, time_str) VALUES (77, 'Development', '2026-06-09', '5:30 PM');
INSERT INTO attendance (session_id, player_id, is_attending) VALUES (77, 1, 0);
INSERT INTO attendance (session_id, player_id, is_attending) VALUES (77, 4, 1);
INSERT INTO sessions (id, group_name, date, time_str) VALUES (78, 'Master Class', '2026-06-09', '7:00 PM');
INSERT INTO attendance (session_id, player_id, is_attending) VALUES (78, 2, 0);
INSERT INTO sessions (id, group_name, date, time_str) VALUES (79, 'Foundation', '2026-06-10', '4:00 PM');
INSERT INTO attendance (session_id, player_id, is_attending) VALUES (79, 3, 1);
INSERT INTO sessions (id, group_name, date, time_str) VALUES (80, 'Development', '2026-06-10', '5:30 PM');
INSERT INTO attendance (session_id, player_id, is_attending) VALUES (80, 1, 1);
INSERT INTO attendance (session_id, player_id, is_attending) VALUES (80, 4, 1);
INSERT INTO sessions (id, group_name, date, time_str) VALUES (81, 'Master Class', '2026-06-10', '7:00 PM');
INSERT INTO attendance (session_id, player_id, is_attending) VALUES (81, 2, 1);
INSERT INTO sessions (id, group_name, date, time_str) VALUES (82, 'Foundation', '2026-06-11', '4:00 PM');
INSERT INTO attendance (session_id, player_id, is_attending) VALUES (82, 3, 1);
INSERT INTO sessions (id, group_name, date, time_str) VALUES (83, 'Development', '2026-06-11', '5:30 PM');
INSERT INTO attendance (session_id, player_id, is_attending) VALUES (83, 1, 1);
INSERT INTO attendance (session_id, player_id, is_attending) VALUES (83, 4, 1);
INSERT INTO sessions (id, group_name, date, time_str) VALUES (84, 'Master Class', '2026-06-11', '7:00 PM');
INSERT INTO attendance (session_id, player_id, is_attending) VALUES (84, 2, 1);
INSERT INTO sessions (id, group_name, date, time_str) VALUES (85, 'Foundation', '2026-06-15', '4:00 PM');
INSERT INTO attendance (session_id, player_id, is_attending) VALUES (85, 3, 0);
INSERT INTO sessions (id, group_name, date, time_str) VALUES (86, 'Development', '2026-06-15', '5:30 PM');
INSERT INTO attendance (session_id, player_id, is_attending) VALUES (86, 1, 1);
INSERT INTO attendance (session_id, player_id, is_attending) VALUES (86, 4, 1);
INSERT INTO sessions (id, group_name, date, time_str) VALUES (87, 'Master Class', '2026-06-15', '7:00 PM');
INSERT INTO attendance (session_id, player_id, is_attending) VALUES (87, 2, 1);
INSERT INTO sessions (id, group_name, date, time_str) VALUES (88, 'Foundation', '2026-06-16', '4:00 PM');
INSERT INTO attendance (session_id, player_id, is_attending) VALUES (88, 3, 1);
INSERT INTO sessions (id, group_name, date, time_str) VALUES (89, 'Development', '2026-06-16', '5:30 PM');
INSERT INTO attendance (session_id, player_id, is_attending) VALUES (89, 1, 1);
INSERT INTO attendance (session_id, player_id, is_attending) VALUES (89, 4, 0);
INSERT INTO sessions (id, group_name, date, time_str) VALUES (90, 'Master Class', '2026-06-16', '7:00 PM');
INSERT INTO attendance (session_id, player_id, is_attending) VALUES (90, 2, 0);
INSERT INTO sessions (id, group_name, date, time_str) VALUES (91, 'Foundation', '2026-06-17', '4:00 PM');
INSERT INTO attendance (session_id, player_id, is_attending) VALUES (91, 3, 1);
INSERT INTO sessions (id, group_name, date, time_str) VALUES (92, 'Development', '2026-06-17', '5:30 PM');
INSERT INTO attendance (session_id, player_id, is_attending) VALUES (92, 1, 1);
INSERT INTO attendance (session_id, player_id, is_attending) VALUES (92, 4, 1);
INSERT INTO sessions (id, group_name, date, time_str) VALUES (93, 'Master Class', '2026-06-17', '7:00 PM');
INSERT INTO attendance (session_id, player_id, is_attending) VALUES (93, 2, 1);
INSERT INTO sessions (id, group_name, date, time_str) VALUES (94, 'Foundation', '2026-06-18', '4:00 PM');
INSERT INTO attendance (session_id, player_id, is_attending) VALUES (94, 3, 1);
INSERT INTO sessions (id, group_name, date, time_str) VALUES (95, 'Development', '2026-06-18', '5:30 PM');
INSERT INTO attendance (session_id, player_id, is_attending) VALUES (95, 1, 1);
INSERT INTO attendance (session_id, player_id, is_attending) VALUES (95, 4, 0);
INSERT INTO sessions (id, group_name, date, time_str) VALUES (96, 'Master Class', '2026-06-18', '7:00 PM');
INSERT INTO attendance (session_id, player_id, is_attending) VALUES (96, 2, 1);
INSERT INTO sessions (id, group_name, date, time_str) VALUES (97, 'Foundation', '2026-06-22', '4:00 PM');
INSERT INTO attendance (session_id, player_id, is_attending) VALUES (97, 3, 0);
INSERT INTO sessions (id, group_name, date, time_str) VALUES (98, 'Development', '2026-06-22', '5:30 PM');
INSERT INTO attendance (session_id, player_id, is_attending) VALUES (98, 1, 1);
INSERT INTO attendance (session_id, player_id, is_attending) VALUES (98, 4, 1);
INSERT INTO sessions (id, group_name, date, time_str) VALUES (99, 'Master Class', '2026-06-22', '7:00 PM');
INSERT INTO attendance (session_id, player_id, is_attending) VALUES (99, 2, 1);
INSERT INTO sessions (id, group_name, date, time_str) VALUES (100, 'Foundation', '2026-06-23', '4:00 PM');
INSERT INTO attendance (session_id, player_id, is_attending) VALUES (100, 3, 1);
INSERT INTO sessions (id, group_name, date, time_str) VALUES (101, 'Development', '2026-06-23', '5:30 PM');
INSERT INTO attendance (session_id, player_id, is_attending) VALUES (101, 1, 1);
INSERT INTO attendance (session_id, player_id, is_attending) VALUES (101, 4, 1);
INSERT INTO sessions (id, group_name, date, time_str) VALUES (102, 'Master Class', '2026-06-23', '7:00 PM');
INSERT INTO attendance (session_id, player_id, is_attending) VALUES (102, 2, 0);
INSERT INTO sessions (id, group_name, date, time_str) VALUES (103, 'Foundation', '2026-06-24', '4:00 PM');
INSERT INTO attendance (session_id, player_id, is_attending) VALUES (103, 3, 1);
INSERT INTO sessions (id, group_name, date, time_str) VALUES (104, 'Development', '2026-06-24', '5:30 PM');
INSERT INTO attendance (session_id, player_id, is_attending) VALUES (104, 1, 1);
INSERT INTO attendance (session_id, player_id, is_attending) VALUES (104, 4, 1);
INSERT INTO sessions (id, group_name, date, time_str) VALUES (105, 'Master Class', '2026-06-24', '7:00 PM');
INSERT INTO attendance (session_id, player_id, is_attending) VALUES (105, 2, 1);
INSERT INTO sessions (id, group_name, date, time_str) VALUES (106, 'Foundation', '2026-06-25', '4:00 PM');
INSERT INTO attendance (session_id, player_id, is_attending) VALUES (106, 3, 1);
INSERT INTO sessions (id, group_name, date, time_str) VALUES (107, 'Development', '2026-06-25', '5:30 PM');
INSERT INTO attendance (session_id, player_id, is_attending) VALUES (107, 1, 1);
INSERT INTO attendance (session_id, player_id, is_attending) VALUES (107, 4, 0);
INSERT INTO sessions (id, group_name, date, time_str) VALUES (108, 'Master Class', '2026-06-25', '7:00 PM');
INSERT INTO attendance (session_id, player_id, is_attending) VALUES (108, 2, 0);
INSERT INTO sessions (id, group_name, date, time_str) VALUES (109, 'Foundation', '2026-06-29', '4:00 PM');
INSERT INTO attendance (session_id, player_id, is_attending) VALUES (109, 3, 1);
INSERT INTO sessions (id, group_name, date, time_str) VALUES (110, 'Development', '2026-06-29', '5:30 PM');
INSERT INTO attendance (session_id, player_id, is_attending) VALUES (110, 1, 0);
INSERT INTO attendance (session_id, player_id, is_attending) VALUES (110, 4, 1);
INSERT INTO sessions (id, group_name, date, time_str) VALUES (111, 'Master Class', '2026-06-29', '7:00 PM');
INSERT INTO attendance (session_id, player_id, is_attending) VALUES (111, 2, 1);
INSERT INTO sessions (id, group_name, date, time_str) VALUES (112, 'Foundation', '2026-06-30', '4:00 PM');
INSERT INTO attendance (session_id, player_id, is_attending) VALUES (112, 3, 0);
INSERT INTO sessions (id, group_name, date, time_str) VALUES (113, 'Development', '2026-06-30', '5:30 PM');
INSERT INTO attendance (session_id, player_id, is_attending) VALUES (113, 1, 1);
INSERT INTO attendance (session_id, player_id, is_attending) VALUES (113, 4, 1);
INSERT INTO sessions (id, group_name, date, time_str) VALUES (114, 'Master Class', '2026-06-30', '7:00 PM');
INSERT INTO attendance (session_id, player_id, is_attending) VALUES (114, 2, 0);
INSERT INTO sessions (id, group_name, date, time_str) VALUES (115, 'Foundation', '2026-07-01', '4:00 PM');
INSERT INTO attendance (session_id, player_id, is_attending) VALUES (115, 3, 1);
INSERT INTO sessions (id, group_name, date, time_str) VALUES (116, 'Development', '2026-07-01', '5:30 PM');
INSERT INTO attendance (session_id, player_id, is_attending) VALUES (116, 1, 1);
INSERT INTO attendance (session_id, player_id, is_attending) VALUES (116, 4, 1);
INSERT INTO sessions (id, group_name, date, time_str) VALUES (117, 'Master Class', '2026-07-01', '7:00 PM');
INSERT INTO attendance (session_id, player_id, is_attending) VALUES (117, 2, 1);
INSERT INTO sessions (id, group_name, date, time_str) VALUES (118, 'Foundation', '2026-07-02', '4:00 PM');
INSERT INTO attendance (session_id, player_id, is_attending) VALUES (118, 3, 1);
INSERT INTO sessions (id, group_name, date, time_str) VALUES (119, 'Development', '2026-07-02', '5:30 PM');
INSERT INTO attendance (session_id, player_id, is_attending) VALUES (119, 1, 1);
INSERT INTO attendance (session_id, player_id, is_attending) VALUES (119, 4, 1);
INSERT INTO sessions (id, group_name, date, time_str) VALUES (120, 'Master Class', '2026-07-02', '7:00 PM');
INSERT INTO attendance (session_id, player_id, is_attending) VALUES (120, 2, 1);
INSERT INTO sessions (id, group_name, date, time_str) VALUES (121, 'Foundation', '2026-07-06', '4:00 PM');
INSERT INTO attendance (session_id, player_id, is_attending) VALUES (121, 3, 1);
INSERT INTO sessions (id, group_name, date, time_str) VALUES (122, 'Development', '2026-07-06', '5:30 PM');
INSERT INTO attendance (session_id, player_id, is_attending) VALUES (122, 1, 1);
INSERT INTO attendance (session_id, player_id, is_attending) VALUES (122, 4, 1);
INSERT INTO sessions (id, group_name, date, time_str) VALUES (123, 'Master Class', '2026-07-06', '7:00 PM');
INSERT INTO attendance (session_id, player_id, is_attending) VALUES (123, 2, 1);
INSERT INTO sessions (id, group_name, date, time_str) VALUES (124, 'Foundation', '2026-07-07', '4:00 PM');
INSERT INTO attendance (session_id, player_id, is_attending) VALUES (124, 3, 1);
INSERT INTO sessions (id, group_name, date, time_str) VALUES (125, 'Development', '2026-07-07', '5:30 PM');
INSERT INTO attendance (session_id, player_id, is_attending) VALUES (125, 1, 1);
INSERT INTO attendance (session_id, player_id, is_attending) VALUES (125, 4, 1);
INSERT INTO sessions (id, group_name, date, time_str) VALUES (126, 'Master Class', '2026-07-07', '7:00 PM');
INSERT INTO attendance (session_id, player_id, is_attending) VALUES (126, 2, 1);
INSERT INTO sessions (id, group_name, date, time_str) VALUES (127, 'Foundation', '2026-07-08', '4:00 PM');
INSERT INTO attendance (session_id, player_id, is_attending) VALUES (127, 3, 1);
INSERT INTO sessions (id, group_name, date, time_str) VALUES (128, 'Development', '2026-07-08', '5:30 PM');
INSERT INTO attendance (session_id, player_id, is_attending) VALUES (128, 1, 1);
INSERT INTO attendance (session_id, player_id, is_attending) VALUES (128, 4, 0);
INSERT INTO sessions (id, group_name, date, time_str) VALUES (129, 'Master Class', '2026-07-08', '7:00 PM');
INSERT INTO attendance (session_id, player_id, is_attending) VALUES (129, 2, 1);
INSERT INTO sessions (id, group_name, date, time_str) VALUES (130, 'Foundation', '2026-07-09', '4:00 PM');
INSERT INTO attendance (session_id, player_id, is_attending) VALUES (130, 3, 0);
INSERT INTO sessions (id, group_name, date, time_str) VALUES (131, 'Development', '2026-07-09', '5:30 PM');
INSERT INTO attendance (session_id, player_id, is_attending) VALUES (131, 1, 0);
INSERT INTO attendance (session_id, player_id, is_attending) VALUES (131, 4, 0);
INSERT INTO sessions (id, group_name, date, time_str) VALUES (132, 'Master Class', '2026-07-09', '7:00 PM');
INSERT INTO attendance (session_id, player_id, is_attending) VALUES (132, 2, 1);
INSERT INTO sessions (id, group_name, date, time_str) VALUES (133, 'Foundation', '2026-07-13', '4:00 PM');
INSERT INTO attendance (session_id, player_id, is_attending) VALUES (133, 3, 0);
INSERT INTO sessions (id, group_name, date, time_str) VALUES (134, 'Development', '2026-07-13', '5:30 PM');
INSERT INTO attendance (session_id, player_id, is_attending) VALUES (134, 1, 0);
INSERT INTO attendance (session_id, player_id, is_attending) VALUES (134, 4, 0);
INSERT INTO sessions (id, group_name, date, time_str) VALUES (135, 'Master Class', '2026-07-13', '7:00 PM');
INSERT INTO attendance (session_id, player_id, is_attending) VALUES (135, 2, 1);
INSERT INTO sessions (id, group_name, date, time_str) VALUES (136, 'Foundation', '2026-07-14', '4:00 PM');
INSERT INTO attendance (session_id, player_id, is_attending) VALUES (136, 3, 1);
INSERT INTO sessions (id, group_name, date, time_str) VALUES (137, 'Development', '2026-07-14', '5:30 PM');
INSERT INTO attendance (session_id, player_id, is_attending) VALUES (137, 1, 1);
INSERT INTO attendance (session_id, player_id, is_attending) VALUES (137, 4, 0);
INSERT INTO sessions (id, group_name, date, time_str) VALUES (138, 'Master Class', '2026-07-14', '7:00 PM');
INSERT INTO attendance (session_id, player_id, is_attending) VALUES (138, 2, 0);
INSERT INTO sessions (id, group_name, date, time_str) VALUES (139, 'Foundation', '2026-07-15', '4:00 PM');
INSERT INTO attendance (session_id, player_id, is_attending) VALUES (139, 3, 1);
INSERT INTO sessions (id, group_name, date, time_str) VALUES (140, 'Development', '2026-07-15', '5:30 PM');
INSERT INTO attendance (session_id, player_id, is_attending) VALUES (140, 1, 1);
INSERT INTO attendance (session_id, player_id, is_attending) VALUES (140, 4, 1);
INSERT INTO sessions (id, group_name, date, time_str) VALUES (141, 'Master Class', '2026-07-15', '7:00 PM');
INSERT INTO attendance (session_id, player_id, is_attending) VALUES (141, 2, 1);
INSERT INTO sessions (id, group_name, date, time_str) VALUES (142, 'Foundation', '2026-07-16', '4:00 PM');
INSERT INTO attendance (session_id, player_id, is_attending) VALUES (142, 3, 0);
INSERT INTO sessions (id, group_name, date, time_str) VALUES (143, 'Development', '2026-07-16', '5:30 PM');
INSERT INTO attendance (session_id, player_id, is_attending) VALUES (143, 1, 0);
INSERT INTO attendance (session_id, player_id, is_attending) VALUES (143, 4, 1);
INSERT INTO sessions (id, group_name, date, time_str) VALUES (144, 'Master Class', '2026-07-16', '7:00 PM');
INSERT INTO attendance (session_id, player_id, is_attending) VALUES (144, 2, 1);
INSERT INTO sessions (id, group_name, date, time_str) VALUES (145, 'Foundation', '2026-07-20', '4:00 PM');
INSERT INTO attendance (session_id, player_id, is_attending) VALUES (145, 3, 1);
INSERT INTO sessions (id, group_name, date, time_str) VALUES (146, 'Development', '2026-07-20', '5:30 PM');
INSERT INTO attendance (session_id, player_id, is_attending) VALUES (146, 1, 1);
INSERT INTO attendance (session_id, player_id, is_attending) VALUES (146, 4, 1);
INSERT INTO sessions (id, group_name, date, time_str) VALUES (147, 'Master Class', '2026-07-20', '7:00 PM');
INSERT INTO attendance (session_id, player_id, is_attending) VALUES (147, 2, 1);
INSERT INTO sessions (id, group_name, date, time_str) VALUES (148, 'Foundation', '2026-07-21', '4:00 PM');
INSERT INTO attendance (session_id, player_id, is_attending) VALUES (148, 3, 1);
INSERT INTO sessions (id, group_name, date, time_str) VALUES (149, 'Development', '2026-07-21', '5:30 PM');
INSERT INTO attendance (session_id, player_id, is_attending) VALUES (149, 1, 1);
INSERT INTO attendance (session_id, player_id, is_attending) VALUES (149, 4, 1);
INSERT INTO sessions (id, group_name, date, time_str) VALUES (150, 'Master Class', '2026-07-21', '7:00 PM');
INSERT INTO attendance (session_id, player_id, is_attending) VALUES (150, 2, 1);
INSERT INTO sessions (id, group_name, date, time_str) VALUES (151, 'Foundation', '2026-07-22', '4:00 PM');
INSERT INTO attendance (session_id, player_id, is_attending) VALUES (151, 3, 1);
INSERT INTO sessions (id, group_name, date, time_str) VALUES (152, 'Development', '2026-07-22', '5:30 PM');
INSERT INTO attendance (session_id, player_id, is_attending) VALUES (152, 1, 0);
INSERT INTO attendance (session_id, player_id, is_attending) VALUES (152, 4, 1);
INSERT INTO sessions (id, group_name, date, time_str) VALUES (153, 'Master Class', '2026-07-22', '7:00 PM');
INSERT INTO attendance (session_id, player_id, is_attending) VALUES (153, 2, 1);
INSERT INTO sessions (id, group_name, date, time_str) VALUES (154, 'Foundation', '2026-07-23', '4:00 PM');
INSERT INTO attendance (session_id, player_id, is_attending) VALUES (154, 3, 1);
INSERT INTO sessions (id, group_name, date, time_str) VALUES (155, 'Development', '2026-07-23', '5:30 PM');
INSERT INTO attendance (session_id, player_id, is_attending) VALUES (155, 1, 1);
INSERT INTO attendance (session_id, player_id, is_attending) VALUES (155, 4, 1);
INSERT INTO sessions (id, group_name, date, time_str) VALUES (156, 'Master Class', '2026-07-23', '7:00 PM');
INSERT INTO attendance (session_id, player_id, is_attending) VALUES (156, 2, 1);
INSERT INTO sessions (id, group_name, date, time_str) VALUES (157, 'Foundation', '2026-07-27', '4:00 PM');
INSERT INTO attendance (session_id, player_id, is_attending) VALUES (157, 3, 1);
INSERT INTO sessions (id, group_name, date, time_str) VALUES (158, 'Development', '2026-07-27', '5:30 PM');
INSERT INTO attendance (session_id, player_id, is_attending) VALUES (158, 1, 1);
INSERT INTO attendance (session_id, player_id, is_attending) VALUES (158, 4, 0);
INSERT INTO sessions (id, group_name, date, time_str) VALUES (159, 'Master Class', '2026-07-27', '7:00 PM');
INSERT INTO attendance (session_id, player_id, is_attending) VALUES (159, 2, 1);
INSERT INTO sessions (id, group_name, date, time_str) VALUES (160, 'Foundation', '2026-07-28', '4:00 PM');
INSERT INTO attendance (session_id, player_id, is_attending) VALUES (160, 3, 1);
INSERT INTO sessions (id, group_name, date, time_str) VALUES (161, 'Development', '2026-07-28', '5:30 PM');
INSERT INTO attendance (session_id, player_id, is_attending) VALUES (161, 1, 0);
INSERT INTO attendance (session_id, player_id, is_attending) VALUES (161, 4, 0);
INSERT INTO sessions (id, group_name, date, time_str) VALUES (162, 'Master Class', '2026-07-28', '7:00 PM');
INSERT INTO attendance (session_id, player_id, is_attending) VALUES (162, 2, 1);
INSERT INTO sessions (id, group_name, date, time_str) VALUES (163, 'Foundation', '2026-07-29', '4:00 PM');
INSERT INTO attendance (session_id, player_id, is_attending) VALUES (163, 3, 1);
INSERT INTO sessions (id, group_name, date, time_str) VALUES (164, 'Development', '2026-07-29', '5:30 PM');
INSERT INTO attendance (session_id, player_id, is_attending) VALUES (164, 1, 1);
INSERT INTO attendance (session_id, player_id, is_attending) VALUES (164, 4, 1);
INSERT INTO sessions (id, group_name, date, time_str) VALUES (165, 'Master Class', '2026-07-29', '7:00 PM');
INSERT INTO attendance (session_id, player_id, is_attending) VALUES (165, 2, 1);
INSERT INTO sessions (id, group_name, date, time_str) VALUES (166, 'Foundation', '2026-07-30', '4:00 PM');
INSERT INTO attendance (session_id, player_id, is_attending) VALUES (166, 3, 1);
INSERT INTO sessions (id, group_name, date, time_str) VALUES (167, 'Development', '2026-07-30', '5:30 PM');
INSERT INTO attendance (session_id, player_id, is_attending) VALUES (167, 1, 1);
INSERT INTO attendance (session_id, player_id, is_attending) VALUES (167, 4, 1);
INSERT INTO sessions (id, group_name, date, time_str) VALUES (168, 'Master Class', '2026-07-30', '7:00 PM');
INSERT INTO attendance (session_id, player_id, is_attending) VALUES (168, 2, 1);
