
DELETE FROM attendance;
DELETE FROM sessions;
DELETE FROM players;
DELETE FROM parents;

INSERT INTO parents (id, email, password) VALUES (1, 'luke@lukewade.net', 'lukewade');
INSERT INTO parents (id, email, password) VALUES (2, 'cruz@lukewade.net', 'cruz');
INSERT INTO parents (id, email, password) VALUES (3, 'lee@lukewade.net', 'lee');
INSERT INTO parents (id, email, password) VALUES (4, 'parent@email.com', 'password');
INSERT INTO players (id, parent_id, firstname, lastname, initials, group_name, photo_b64, latest_plan) VALUES (1, 1, 'Colt', 'Wade', 'CW', 'Development', '/assets/player1.png', NULL);
INSERT INTO players (id, parent_id, firstname, lastname, initials, group_name, photo_b64, latest_plan) VALUES (2, 1, 'Charlie', 'Wade', 'CW', 'Development', '/assets/player2.png', NULL);
INSERT INTO players (id, parent_id, firstname, lastname, initials, group_name, photo_b64, latest_plan) VALUES (3, 2, 'Mateo', 'Reyes', 'MR', 'Development', '/assets/player3.png', NULL);
INSERT INTO players (id, parent_id, firstname, lastname, initials, group_name, photo_b64, latest_plan) VALUES (4, 2, 'Sofia', 'Reyes', 'SR', 'Development', '/assets/player4.png', NULL);
INSERT INTO players (id, parent_id, firstname, lastname, initials, group_name, photo_b64, latest_plan) VALUES (5, 3, 'Jayden', 'Okafor', 'JO', 'Development', '/assets/player1.png', NULL);
INSERT INTO players (id, parent_id, firstname, lastname, initials, group_name, photo_b64, latest_plan) VALUES (6, 4, 'Emma', 'Chen', 'EC', 'Development', '/assets/player2.png', NULL);
INSERT INTO players (id, parent_id, firstname, lastname, initials, group_name, photo_b64, latest_plan) VALUES (7, 4, 'Noah', 'Patel', 'NP', 'Development', '/assets/player3.png', NULL);
INSERT INTO players (id, parent_id, firstname, lastname, initials, group_name, photo_b64, latest_plan) VALUES (8, 4, 'Ava', 'Brooks', 'AB', 'Development', '/assets/player4.png', NULL);
INSERT INTO players (id, parent_id, firstname, lastname, initials, group_name, photo_b64, latest_plan) VALUES (9, 4, 'Lucas', 'Martinez', 'LM', 'Development', '/assets/player1.png', NULL);
INSERT INTO players (id, parent_id, firstname, lastname, initials, group_name, photo_b64, latest_plan) VALUES (10, 4, 'Isla', 'Thompson', 'IT', 'Development', '/assets/player2.png', NULL);
INSERT INTO sessions (id, group_name, date, time_str) VALUES (1, 'Development', '2026-04-27', '6:00 PM');
INSERT INTO attendance (session_id, player_id, is_attending) VALUES (1, 1, 0);
INSERT INTO attendance (session_id, player_id, is_attending) VALUES (1, 2, 1);
INSERT INTO attendance (session_id, player_id, is_attending) VALUES (1, 3, 0);
INSERT INTO attendance (session_id, player_id, is_attending) VALUES (1, 4, 0);
INSERT INTO attendance (session_id, player_id, is_attending) VALUES (1, 5, 0);
INSERT INTO attendance (session_id, player_id, is_attending) VALUES (1, 6, 0);
INSERT INTO attendance (session_id, player_id, is_attending) VALUES (1, 7, 0);
INSERT INTO attendance (session_id, player_id, is_attending) VALUES (1, 8, 0);
INSERT INTO attendance (session_id, player_id, is_attending) VALUES (1, 9, 0);
INSERT INTO attendance (session_id, player_id, is_attending) VALUES (1, 10, 0);
INSERT INTO sessions (id, group_name, date, time_str) VALUES (2, 'Development', '2026-04-28', '6:00 PM');
INSERT INTO attendance (session_id, player_id, is_attending) VALUES (2, 1, 0);
INSERT INTO attendance (session_id, player_id, is_attending) VALUES (2, 2, 1);
INSERT INTO attendance (session_id, player_id, is_attending) VALUES (2, 3, 0);
INSERT INTO attendance (session_id, player_id, is_attending) VALUES (2, 4, 0);
INSERT INTO attendance (session_id, player_id, is_attending) VALUES (2, 5, 0);
INSERT INTO attendance (session_id, player_id, is_attending) VALUES (2, 6, 0);
INSERT INTO attendance (session_id, player_id, is_attending) VALUES (2, 7, 0);
INSERT INTO attendance (session_id, player_id, is_attending) VALUES (2, 8, 0);
INSERT INTO attendance (session_id, player_id, is_attending) VALUES (2, 9, 1);
INSERT INTO attendance (session_id, player_id, is_attending) VALUES (2, 10, 1);
INSERT INTO sessions (id, group_name, date, time_str) VALUES (3, 'Development', '2026-04-29', '6:00 PM');
INSERT INTO attendance (session_id, player_id, is_attending) VALUES (3, 1, 0);
INSERT INTO attendance (session_id, player_id, is_attending) VALUES (3, 2, 1);
INSERT INTO attendance (session_id, player_id, is_attending) VALUES (3, 3, 0);
INSERT INTO attendance (session_id, player_id, is_attending) VALUES (3, 4, 0);
INSERT INTO attendance (session_id, player_id, is_attending) VALUES (3, 5, 0);
INSERT INTO attendance (session_id, player_id, is_attending) VALUES (3, 6, 0);
INSERT INTO attendance (session_id, player_id, is_attending) VALUES (3, 7, 0);
INSERT INTO attendance (session_id, player_id, is_attending) VALUES (3, 8, 0);
INSERT INTO attendance (session_id, player_id, is_attending) VALUES (3, 9, 0);
INSERT INTO attendance (session_id, player_id, is_attending) VALUES (3, 10, 0);
INSERT INTO sessions (id, group_name, date, time_str) VALUES (4, 'Development', '2026-04-30', '6:00 PM');
INSERT INTO attendance (session_id, player_id, is_attending) VALUES (4, 1, 0);
INSERT INTO attendance (session_id, player_id, is_attending) VALUES (4, 2, 0);
INSERT INTO attendance (session_id, player_id, is_attending) VALUES (4, 3, 0);
INSERT INTO attendance (session_id, player_id, is_attending) VALUES (4, 4, 1);
INSERT INTO attendance (session_id, player_id, is_attending) VALUES (4, 5, 0);
INSERT INTO attendance (session_id, player_id, is_attending) VALUES (4, 6, 1);
INSERT INTO attendance (session_id, player_id, is_attending) VALUES (4, 7, 0);
INSERT INTO attendance (session_id, player_id, is_attending) VALUES (4, 8, 0);
INSERT INTO attendance (session_id, player_id, is_attending) VALUES (4, 9, 0);
INSERT INTO attendance (session_id, player_id, is_attending) VALUES (4, 10, 0);
INSERT INTO sessions (id, group_name, date, time_str) VALUES (5, 'Development', '2026-05-04', '6:00 PM');
INSERT INTO attendance (session_id, player_id, is_attending) VALUES (5, 1, 0);
INSERT INTO attendance (session_id, player_id, is_attending) VALUES (5, 2, 1);
INSERT INTO attendance (session_id, player_id, is_attending) VALUES (5, 3, 0);
INSERT INTO attendance (session_id, player_id, is_attending) VALUES (5, 4, 0);
INSERT INTO attendance (session_id, player_id, is_attending) VALUES (5, 5, 0);
INSERT INTO attendance (session_id, player_id, is_attending) VALUES (5, 6, 0);
INSERT INTO attendance (session_id, player_id, is_attending) VALUES (5, 7, 0);
INSERT INTO attendance (session_id, player_id, is_attending) VALUES (5, 8, 0);
INSERT INTO attendance (session_id, player_id, is_attending) VALUES (5, 9, 0);
INSERT INTO attendance (session_id, player_id, is_attending) VALUES (5, 10, 0);
INSERT INTO sessions (id, group_name, date, time_str) VALUES (6, 'Development', '2026-05-05', '6:00 PM');
INSERT INTO attendance (session_id, player_id, is_attending) VALUES (6, 1, 1);
INSERT INTO attendance (session_id, player_id, is_attending) VALUES (6, 2, 0);
INSERT INTO attendance (session_id, player_id, is_attending) VALUES (6, 3, 0);
INSERT INTO attendance (session_id, player_id, is_attending) VALUES (6, 4, 0);
INSERT INTO attendance (session_id, player_id, is_attending) VALUES (6, 5, 0);
INSERT INTO attendance (session_id, player_id, is_attending) VALUES (6, 6, 0);
INSERT INTO attendance (session_id, player_id, is_attending) VALUES (6, 7, 0);
INSERT INTO attendance (session_id, player_id, is_attending) VALUES (6, 8, 0);
INSERT INTO attendance (session_id, player_id, is_attending) VALUES (6, 9, 0);
INSERT INTO attendance (session_id, player_id, is_attending) VALUES (6, 10, 0);
INSERT INTO sessions (id, group_name, date, time_str) VALUES (7, 'Development', '2026-05-06', '6:00 PM');
INSERT INTO attendance (session_id, player_id, is_attending) VALUES (7, 1, 0);
INSERT INTO attendance (session_id, player_id, is_attending) VALUES (7, 2, 1);
INSERT INTO attendance (session_id, player_id, is_attending) VALUES (7, 3, 0);
INSERT INTO attendance (session_id, player_id, is_attending) VALUES (7, 4, 0);
INSERT INTO attendance (session_id, player_id, is_attending) VALUES (7, 5, 0);
INSERT INTO attendance (session_id, player_id, is_attending) VALUES (7, 6, 0);
INSERT INTO attendance (session_id, player_id, is_attending) VALUES (7, 7, 0);
INSERT INTO attendance (session_id, player_id, is_attending) VALUES (7, 8, 0);
INSERT INTO attendance (session_id, player_id, is_attending) VALUES (7, 9, 0);
INSERT INTO attendance (session_id, player_id, is_attending) VALUES (7, 10, 0);
INSERT INTO sessions (id, group_name, date, time_str) VALUES (8, 'Development', '2026-05-07', '6:00 PM');
INSERT INTO attendance (session_id, player_id, is_attending) VALUES (8, 1, 1);
INSERT INTO attendance (session_id, player_id, is_attending) VALUES (8, 2, 0);
INSERT INTO attendance (session_id, player_id, is_attending) VALUES (8, 3, 0);
INSERT INTO attendance (session_id, player_id, is_attending) VALUES (8, 4, 0);
INSERT INTO attendance (session_id, player_id, is_attending) VALUES (8, 5, 0);
INSERT INTO attendance (session_id, player_id, is_attending) VALUES (8, 6, 0);
INSERT INTO attendance (session_id, player_id, is_attending) VALUES (8, 7, 0);
INSERT INTO attendance (session_id, player_id, is_attending) VALUES (8, 8, 1);
INSERT INTO attendance (session_id, player_id, is_attending) VALUES (8, 9, 0);
INSERT INTO attendance (session_id, player_id, is_attending) VALUES (8, 10, 0);
INSERT INTO sessions (id, group_name, date, time_str) VALUES (9, 'Development', '2026-05-11', '6:00 PM');
INSERT INTO attendance (session_id, player_id, is_attending) VALUES (9, 1, 1);
INSERT INTO attendance (session_id, player_id, is_attending) VALUES (9, 2, 1);
INSERT INTO attendance (session_id, player_id, is_attending) VALUES (9, 3, 0);
INSERT INTO attendance (session_id, player_id, is_attending) VALUES (9, 4, 0);
INSERT INTO attendance (session_id, player_id, is_attending) VALUES (9, 5, 0);
INSERT INTO attendance (session_id, player_id, is_attending) VALUES (9, 6, 0);
INSERT INTO attendance (session_id, player_id, is_attending) VALUES (9, 7, 0);
INSERT INTO attendance (session_id, player_id, is_attending) VALUES (9, 8, 0);
INSERT INTO attendance (session_id, player_id, is_attending) VALUES (9, 9, 0);
INSERT INTO attendance (session_id, player_id, is_attending) VALUES (9, 10, 1);
INSERT INTO sessions (id, group_name, date, time_str) VALUES (10, 'Development', '2026-05-12', '6:00 PM');
INSERT INTO attendance (session_id, player_id, is_attending) VALUES (10, 1, 0);
INSERT INTO attendance (session_id, player_id, is_attending) VALUES (10, 2, 0);
INSERT INTO attendance (session_id, player_id, is_attending) VALUES (10, 3, 1);
INSERT INTO attendance (session_id, player_id, is_attending) VALUES (10, 4, 0);
INSERT INTO attendance (session_id, player_id, is_attending) VALUES (10, 5, 0);
INSERT INTO attendance (session_id, player_id, is_attending) VALUES (10, 6, 0);
INSERT INTO attendance (session_id, player_id, is_attending) VALUES (10, 7, 0);
INSERT INTO attendance (session_id, player_id, is_attending) VALUES (10, 8, 0);
INSERT INTO attendance (session_id, player_id, is_attending) VALUES (10, 9, 0);
INSERT INTO attendance (session_id, player_id, is_attending) VALUES (10, 10, 0);
INSERT INTO sessions (id, group_name, date, time_str) VALUES (11, 'Development', '2026-05-13', '6:00 PM');
INSERT INTO attendance (session_id, player_id, is_attending) VALUES (11, 1, 1);
INSERT INTO attendance (session_id, player_id, is_attending) VALUES (11, 2, 0);
INSERT INTO attendance (session_id, player_id, is_attending) VALUES (11, 3, 0);
INSERT INTO attendance (session_id, player_id, is_attending) VALUES (11, 4, 0);
INSERT INTO attendance (session_id, player_id, is_attending) VALUES (11, 5, 0);
INSERT INTO attendance (session_id, player_id, is_attending) VALUES (11, 6, 0);
INSERT INTO attendance (session_id, player_id, is_attending) VALUES (11, 7, 0);
INSERT INTO attendance (session_id, player_id, is_attending) VALUES (11, 8, 0);
INSERT INTO attendance (session_id, player_id, is_attending) VALUES (11, 9, 0);
INSERT INTO attendance (session_id, player_id, is_attending) VALUES (11, 10, 0);
INSERT INTO sessions (id, group_name, date, time_str) VALUES (12, 'Development', '2026-05-14', '6:00 PM');
INSERT INTO attendance (session_id, player_id, is_attending) VALUES (12, 1, 0);
INSERT INTO attendance (session_id, player_id, is_attending) VALUES (12, 2, 0);
INSERT INTO attendance (session_id, player_id, is_attending) VALUES (12, 3, 0);
INSERT INTO attendance (session_id, player_id, is_attending) VALUES (12, 4, 0);
INSERT INTO attendance (session_id, player_id, is_attending) VALUES (12, 5, 0);
INSERT INTO attendance (session_id, player_id, is_attending) VALUES (12, 6, 0);
INSERT INTO attendance (session_id, player_id, is_attending) VALUES (12, 7, 0);
INSERT INTO attendance (session_id, player_id, is_attending) VALUES (12, 8, 0);
INSERT INTO attendance (session_id, player_id, is_attending) VALUES (12, 9, 0);
INSERT INTO attendance (session_id, player_id, is_attending) VALUES (12, 10, 0);
INSERT INTO sessions (id, group_name, date, time_str) VALUES (13, 'Development', '2026-05-18', '6:00 PM');
INSERT INTO attendance (session_id, player_id, is_attending) VALUES (13, 1, 1);
INSERT INTO attendance (session_id, player_id, is_attending) VALUES (13, 2, 1);
INSERT INTO attendance (session_id, player_id, is_attending) VALUES (13, 3, 0);
INSERT INTO attendance (session_id, player_id, is_attending) VALUES (13, 4, 0);
INSERT INTO attendance (session_id, player_id, is_attending) VALUES (13, 5, 0);
INSERT INTO attendance (session_id, player_id, is_attending) VALUES (13, 6, 0);
INSERT INTO attendance (session_id, player_id, is_attending) VALUES (13, 7, 0);
INSERT INTO attendance (session_id, player_id, is_attending) VALUES (13, 8, 0);
INSERT INTO attendance (session_id, player_id, is_attending) VALUES (13, 9, 0);
INSERT INTO attendance (session_id, player_id, is_attending) VALUES (13, 10, 1);
INSERT INTO sessions (id, group_name, date, time_str) VALUES (14, 'Development', '2026-05-19', '6:00 PM');
INSERT INTO attendance (session_id, player_id, is_attending) VALUES (14, 1, 0);
INSERT INTO attendance (session_id, player_id, is_attending) VALUES (14, 2, 1);
INSERT INTO attendance (session_id, player_id, is_attending) VALUES (14, 3, 0);
INSERT INTO attendance (session_id, player_id, is_attending) VALUES (14, 4, 0);
INSERT INTO attendance (session_id, player_id, is_attending) VALUES (14, 5, 0);
INSERT INTO attendance (session_id, player_id, is_attending) VALUES (14, 6, 0);
INSERT INTO attendance (session_id, player_id, is_attending) VALUES (14, 7, 0);
INSERT INTO attendance (session_id, player_id, is_attending) VALUES (14, 8, 0);
INSERT INTO attendance (session_id, player_id, is_attending) VALUES (14, 9, 0);
INSERT INTO attendance (session_id, player_id, is_attending) VALUES (14, 10, 0);
INSERT INTO sessions (id, group_name, date, time_str) VALUES (15, 'Development', '2026-05-20', '6:00 PM');
INSERT INTO attendance (session_id, player_id, is_attending) VALUES (15, 1, 0);
INSERT INTO attendance (session_id, player_id, is_attending) VALUES (15, 2, 1);
INSERT INTO attendance (session_id, player_id, is_attending) VALUES (15, 3, 0);
INSERT INTO attendance (session_id, player_id, is_attending) VALUES (15, 4, 0);
INSERT INTO attendance (session_id, player_id, is_attending) VALUES (15, 5, 0);
INSERT INTO attendance (session_id, player_id, is_attending) VALUES (15, 6, 0);
INSERT INTO attendance (session_id, player_id, is_attending) VALUES (15, 7, 1);
INSERT INTO attendance (session_id, player_id, is_attending) VALUES (15, 8, 0);
INSERT INTO attendance (session_id, player_id, is_attending) VALUES (15, 9, 0);
INSERT INTO attendance (session_id, player_id, is_attending) VALUES (15, 10, 0);
INSERT INTO sessions (id, group_name, date, time_str) VALUES (16, 'Development', '2026-05-21', '6:00 PM');
INSERT INTO attendance (session_id, player_id, is_attending) VALUES (16, 1, 0);
INSERT INTO attendance (session_id, player_id, is_attending) VALUES (16, 2, 1);
INSERT INTO attendance (session_id, player_id, is_attending) VALUES (16, 3, 0);
INSERT INTO attendance (session_id, player_id, is_attending) VALUES (16, 4, 1);
INSERT INTO attendance (session_id, player_id, is_attending) VALUES (16, 5, 0);
INSERT INTO attendance (session_id, player_id, is_attending) VALUES (16, 6, 0);
INSERT INTO attendance (session_id, player_id, is_attending) VALUES (16, 7, 0);
INSERT INTO attendance (session_id, player_id, is_attending) VALUES (16, 8, 0);
INSERT INTO attendance (session_id, player_id, is_attending) VALUES (16, 9, 1);
INSERT INTO attendance (session_id, player_id, is_attending) VALUES (16, 10, 0);
INSERT INTO sessions (id, group_name, date, time_str) VALUES (17, 'Development', '2026-05-25', '6:00 PM');
INSERT INTO attendance (session_id, player_id, is_attending) VALUES (17, 1, 1);
INSERT INTO attendance (session_id, player_id, is_attending) VALUES (17, 2, 0);
INSERT INTO attendance (session_id, player_id, is_attending) VALUES (17, 3, 0);
INSERT INTO attendance (session_id, player_id, is_attending) VALUES (17, 4, 0);
INSERT INTO attendance (session_id, player_id, is_attending) VALUES (17, 5, 1);
INSERT INTO attendance (session_id, player_id, is_attending) VALUES (17, 6, 0);
INSERT INTO attendance (session_id, player_id, is_attending) VALUES (17, 7, 0);
INSERT INTO attendance (session_id, player_id, is_attending) VALUES (17, 8, 0);
INSERT INTO attendance (session_id, player_id, is_attending) VALUES (17, 9, 0);
INSERT INTO attendance (session_id, player_id, is_attending) VALUES (17, 10, 0);
INSERT INTO sessions (id, group_name, date, time_str) VALUES (18, 'Development', '2026-05-26', '6:00 PM');
INSERT INTO attendance (session_id, player_id, is_attending) VALUES (18, 1, 1);
INSERT INTO attendance (session_id, player_id, is_attending) VALUES (18, 2, 1);
INSERT INTO attendance (session_id, player_id, is_attending) VALUES (18, 3, 0);
INSERT INTO attendance (session_id, player_id, is_attending) VALUES (18, 4, 0);
INSERT INTO attendance (session_id, player_id, is_attending) VALUES (18, 5, 0);
INSERT INTO attendance (session_id, player_id, is_attending) VALUES (18, 6, 0);
INSERT INTO attendance (session_id, player_id, is_attending) VALUES (18, 7, 0);
INSERT INTO attendance (session_id, player_id, is_attending) VALUES (18, 8, 0);
INSERT INTO attendance (session_id, player_id, is_attending) VALUES (18, 9, 0);
INSERT INTO attendance (session_id, player_id, is_attending) VALUES (18, 10, 0);
INSERT INTO sessions (id, group_name, date, time_str) VALUES (19, 'Development', '2026-05-27', '6:00 PM');
INSERT INTO attendance (session_id, player_id, is_attending) VALUES (19, 1, 0);
INSERT INTO attendance (session_id, player_id, is_attending) VALUES (19, 2, 1);
INSERT INTO attendance (session_id, player_id, is_attending) VALUES (19, 3, 0);
INSERT INTO attendance (session_id, player_id, is_attending) VALUES (19, 4, 1);
INSERT INTO attendance (session_id, player_id, is_attending) VALUES (19, 5, 1);
INSERT INTO attendance (session_id, player_id, is_attending) VALUES (19, 6, 0);
INSERT INTO attendance (session_id, player_id, is_attending) VALUES (19, 7, 0);
INSERT INTO attendance (session_id, player_id, is_attending) VALUES (19, 8, 0);
INSERT INTO attendance (session_id, player_id, is_attending) VALUES (19, 9, 0);
INSERT INTO attendance (session_id, player_id, is_attending) VALUES (19, 10, 0);
INSERT INTO sessions (id, group_name, date, time_str) VALUES (20, 'Development', '2026-05-28', '6:00 PM');
INSERT INTO attendance (session_id, player_id, is_attending) VALUES (20, 1, 0);
INSERT INTO attendance (session_id, player_id, is_attending) VALUES (20, 2, 0);
INSERT INTO attendance (session_id, player_id, is_attending) VALUES (20, 3, 1);
INSERT INTO attendance (session_id, player_id, is_attending) VALUES (20, 4, 0);
INSERT INTO attendance (session_id, player_id, is_attending) VALUES (20, 5, 0);
INSERT INTO attendance (session_id, player_id, is_attending) VALUES (20, 6, 0);
INSERT INTO attendance (session_id, player_id, is_attending) VALUES (20, 7, 0);
INSERT INTO attendance (session_id, player_id, is_attending) VALUES (20, 8, 0);
INSERT INTO attendance (session_id, player_id, is_attending) VALUES (20, 9, 0);
INSERT INTO attendance (session_id, player_id, is_attending) VALUES (20, 10, 1);
INSERT INTO sessions (id, group_name, date, time_str) VALUES (21, 'Development', '2026-06-01', '6:00 PM');
INSERT INTO attendance (session_id, player_id, is_attending) VALUES (21, 1, 0);
INSERT INTO attendance (session_id, player_id, is_attending) VALUES (21, 2, 1);
INSERT INTO attendance (session_id, player_id, is_attending) VALUES (21, 3, 0);
INSERT INTO attendance (session_id, player_id, is_attending) VALUES (21, 4, 0);
INSERT INTO attendance (session_id, player_id, is_attending) VALUES (21, 5, 0);
INSERT INTO attendance (session_id, player_id, is_attending) VALUES (21, 6, 0);
INSERT INTO attendance (session_id, player_id, is_attending) VALUES (21, 7, 0);
INSERT INTO attendance (session_id, player_id, is_attending) VALUES (21, 8, 0);
INSERT INTO attendance (session_id, player_id, is_attending) VALUES (21, 9, 1);
INSERT INTO attendance (session_id, player_id, is_attending) VALUES (21, 10, 0);
INSERT INTO sessions (id, group_name, date, time_str) VALUES (22, 'Development', '2026-06-02', '6:00 PM');
INSERT INTO attendance (session_id, player_id, is_attending) VALUES (22, 1, 0);
INSERT INTO attendance (session_id, player_id, is_attending) VALUES (22, 2, 0);
INSERT INTO attendance (session_id, player_id, is_attending) VALUES (22, 3, 0);
INSERT INTO attendance (session_id, player_id, is_attending) VALUES (22, 4, 0);
INSERT INTO attendance (session_id, player_id, is_attending) VALUES (22, 5, 0);
INSERT INTO attendance (session_id, player_id, is_attending) VALUES (22, 6, 1);
INSERT INTO attendance (session_id, player_id, is_attending) VALUES (22, 7, 0);
INSERT INTO attendance (session_id, player_id, is_attending) VALUES (22, 8, 1);
INSERT INTO attendance (session_id, player_id, is_attending) VALUES (22, 9, 0);
INSERT INTO attendance (session_id, player_id, is_attending) VALUES (22, 10, 0);
INSERT INTO sessions (id, group_name, date, time_str) VALUES (23, 'Development', '2026-06-03', '6:00 PM');
INSERT INTO attendance (session_id, player_id, is_attending) VALUES (23, 1, 1);
INSERT INTO attendance (session_id, player_id, is_attending) VALUES (23, 2, 0);
INSERT INTO attendance (session_id, player_id, is_attending) VALUES (23, 3, 0);
INSERT INTO attendance (session_id, player_id, is_attending) VALUES (23, 4, 0);
INSERT INTO attendance (session_id, player_id, is_attending) VALUES (23, 5, 0);
INSERT INTO attendance (session_id, player_id, is_attending) VALUES (23, 6, 0);
INSERT INTO attendance (session_id, player_id, is_attending) VALUES (23, 7, 0);
INSERT INTO attendance (session_id, player_id, is_attending) VALUES (23, 8, 0);
INSERT INTO attendance (session_id, player_id, is_attending) VALUES (23, 9, 0);
INSERT INTO attendance (session_id, player_id, is_attending) VALUES (23, 10, 1);
INSERT INTO sessions (id, group_name, date, time_str) VALUES (24, 'Development', '2026-06-04', '6:00 PM');
INSERT INTO attendance (session_id, player_id, is_attending) VALUES (24, 1, 0);
INSERT INTO attendance (session_id, player_id, is_attending) VALUES (24, 2, 1);
INSERT INTO attendance (session_id, player_id, is_attending) VALUES (24, 3, 0);
INSERT INTO attendance (session_id, player_id, is_attending) VALUES (24, 4, 0);
INSERT INTO attendance (session_id, player_id, is_attending) VALUES (24, 5, 0);
INSERT INTO attendance (session_id, player_id, is_attending) VALUES (24, 6, 0);
INSERT INTO attendance (session_id, player_id, is_attending) VALUES (24, 7, 1);
INSERT INTO attendance (session_id, player_id, is_attending) VALUES (24, 8, 0);
INSERT INTO attendance (session_id, player_id, is_attending) VALUES (24, 9, 0);
INSERT INTO attendance (session_id, player_id, is_attending) VALUES (24, 10, 0);
INSERT INTO sessions (id, group_name, date, time_str) VALUES (25, 'Development', '2026-06-08', '6:00 PM');
INSERT INTO attendance (session_id, player_id, is_attending) VALUES (25, 1, 0);
INSERT INTO attendance (session_id, player_id, is_attending) VALUES (25, 2, 0);
INSERT INTO attendance (session_id, player_id, is_attending) VALUES (25, 3, 0);
INSERT INTO attendance (session_id, player_id, is_attending) VALUES (25, 4, 0);
INSERT INTO attendance (session_id, player_id, is_attending) VALUES (25, 5, 0);
INSERT INTO attendance (session_id, player_id, is_attending) VALUES (25, 6, 0);
INSERT INTO attendance (session_id, player_id, is_attending) VALUES (25, 7, 0);
INSERT INTO attendance (session_id, player_id, is_attending) VALUES (25, 8, 0);
INSERT INTO attendance (session_id, player_id, is_attending) VALUES (25, 9, 0);
INSERT INTO attendance (session_id, player_id, is_attending) VALUES (25, 10, 0);
INSERT INTO sessions (id, group_name, date, time_str) VALUES (26, 'Development', '2026-06-09', '6:00 PM');
INSERT INTO attendance (session_id, player_id, is_attending) VALUES (26, 1, 1);
INSERT INTO attendance (session_id, player_id, is_attending) VALUES (26, 2, 0);
INSERT INTO attendance (session_id, player_id, is_attending) VALUES (26, 3, 0);
INSERT INTO attendance (session_id, player_id, is_attending) VALUES (26, 4, 0);
INSERT INTO attendance (session_id, player_id, is_attending) VALUES (26, 5, 0);
INSERT INTO attendance (session_id, player_id, is_attending) VALUES (26, 6, 0);
INSERT INTO attendance (session_id, player_id, is_attending) VALUES (26, 7, 0);
INSERT INTO attendance (session_id, player_id, is_attending) VALUES (26, 8, 0);
INSERT INTO attendance (session_id, player_id, is_attending) VALUES (26, 9, 0);
INSERT INTO attendance (session_id, player_id, is_attending) VALUES (26, 10, 0);
INSERT INTO sessions (id, group_name, date, time_str) VALUES (27, 'Development', '2026-06-10', '6:00 PM');
INSERT INTO attendance (session_id, player_id, is_attending) VALUES (27, 1, 1);
INSERT INTO attendance (session_id, player_id, is_attending) VALUES (27, 2, 1);
INSERT INTO attendance (session_id, player_id, is_attending) VALUES (27, 3, 0);
INSERT INTO attendance (session_id, player_id, is_attending) VALUES (27, 4, 0);
INSERT INTO attendance (session_id, player_id, is_attending) VALUES (27, 5, 0);
INSERT INTO attendance (session_id, player_id, is_attending) VALUES (27, 6, 0);
INSERT INTO attendance (session_id, player_id, is_attending) VALUES (27, 7, 0);
INSERT INTO attendance (session_id, player_id, is_attending) VALUES (27, 8, 0);
INSERT INTO attendance (session_id, player_id, is_attending) VALUES (27, 9, 0);
INSERT INTO attendance (session_id, player_id, is_attending) VALUES (27, 10, 0);
INSERT INTO sessions (id, group_name, date, time_str) VALUES (28, 'Development', '2026-06-11', '6:00 PM');
INSERT INTO attendance (session_id, player_id, is_attending) VALUES (28, 1, 0);
INSERT INTO attendance (session_id, player_id, is_attending) VALUES (28, 2, 1);
INSERT INTO attendance (session_id, player_id, is_attending) VALUES (28, 3, 0);
INSERT INTO attendance (session_id, player_id, is_attending) VALUES (28, 4, 0);
INSERT INTO attendance (session_id, player_id, is_attending) VALUES (28, 5, 1);
INSERT INTO attendance (session_id, player_id, is_attending) VALUES (28, 6, 0);
INSERT INTO attendance (session_id, player_id, is_attending) VALUES (28, 7, 0);
INSERT INTO attendance (session_id, player_id, is_attending) VALUES (28, 8, 1);
INSERT INTO attendance (session_id, player_id, is_attending) VALUES (28, 9, 0);
INSERT INTO attendance (session_id, player_id, is_attending) VALUES (28, 10, 0);
INSERT INTO sessions (id, group_name, date, time_str) VALUES (29, 'Development', '2026-06-15', '6:00 PM');
INSERT INTO attendance (session_id, player_id, is_attending) VALUES (29, 1, 0);
INSERT INTO attendance (session_id, player_id, is_attending) VALUES (29, 2, 1);
INSERT INTO attendance (session_id, player_id, is_attending) VALUES (29, 3, 1);
INSERT INTO attendance (session_id, player_id, is_attending) VALUES (29, 4, 0);
INSERT INTO attendance (session_id, player_id, is_attending) VALUES (29, 5, 0);
INSERT INTO attendance (session_id, player_id, is_attending) VALUES (29, 6, 1);
INSERT INTO attendance (session_id, player_id, is_attending) VALUES (29, 7, 1);
INSERT INTO attendance (session_id, player_id, is_attending) VALUES (29, 8, 1);
INSERT INTO attendance (session_id, player_id, is_attending) VALUES (29, 9, 0);
INSERT INTO attendance (session_id, player_id, is_attending) VALUES (29, 10, 0);
INSERT INTO sessions (id, group_name, date, time_str) VALUES (30, 'Development', '2026-06-16', '6:00 PM');
INSERT INTO attendance (session_id, player_id, is_attending) VALUES (30, 1, 0);
INSERT INTO attendance (session_id, player_id, is_attending) VALUES (30, 2, 0);
INSERT INTO attendance (session_id, player_id, is_attending) VALUES (30, 3, 0);
INSERT INTO attendance (session_id, player_id, is_attending) VALUES (30, 4, 1);
INSERT INTO attendance (session_id, player_id, is_attending) VALUES (30, 5, 0);
INSERT INTO attendance (session_id, player_id, is_attending) VALUES (30, 6, 0);
INSERT INTO attendance (session_id, player_id, is_attending) VALUES (30, 7, 0);
INSERT INTO attendance (session_id, player_id, is_attending) VALUES (30, 8, 0);
INSERT INTO attendance (session_id, player_id, is_attending) VALUES (30, 9, 0);
INSERT INTO attendance (session_id, player_id, is_attending) VALUES (30, 10, 0);
INSERT INTO sessions (id, group_name, date, time_str) VALUES (31, 'Development', '2026-06-17', '6:00 PM');
INSERT INTO attendance (session_id, player_id, is_attending) VALUES (31, 1, 0);
INSERT INTO attendance (session_id, player_id, is_attending) VALUES (31, 2, 1);
INSERT INTO attendance (session_id, player_id, is_attending) VALUES (31, 3, 0);
INSERT INTO attendance (session_id, player_id, is_attending) VALUES (31, 4, 0);
INSERT INTO attendance (session_id, player_id, is_attending) VALUES (31, 5, 0);
INSERT INTO attendance (session_id, player_id, is_attending) VALUES (31, 6, 0);
INSERT INTO attendance (session_id, player_id, is_attending) VALUES (31, 7, 0);
INSERT INTO attendance (session_id, player_id, is_attending) VALUES (31, 8, 0);
INSERT INTO attendance (session_id, player_id, is_attending) VALUES (31, 9, 0);
INSERT INTO attendance (session_id, player_id, is_attending) VALUES (31, 10, 0);
INSERT INTO sessions (id, group_name, date, time_str) VALUES (32, 'Development', '2026-06-18', '6:00 PM');
INSERT INTO attendance (session_id, player_id, is_attending) VALUES (32, 1, 0);
INSERT INTO attendance (session_id, player_id, is_attending) VALUES (32, 2, 0);
INSERT INTO attendance (session_id, player_id, is_attending) VALUES (32, 3, 0);
INSERT INTO attendance (session_id, player_id, is_attending) VALUES (32, 4, 0);
INSERT INTO attendance (session_id, player_id, is_attending) VALUES (32, 5, 1);
INSERT INTO attendance (session_id, player_id, is_attending) VALUES (32, 6, 1);
INSERT INTO attendance (session_id, player_id, is_attending) VALUES (32, 7, 0);
INSERT INTO attendance (session_id, player_id, is_attending) VALUES (32, 8, 0);
INSERT INTO attendance (session_id, player_id, is_attending) VALUES (32, 9, 0);
INSERT INTO attendance (session_id, player_id, is_attending) VALUES (32, 10, 0);
INSERT INTO sessions (id, group_name, date, time_str) VALUES (33, 'Development', '2026-06-22', '6:00 PM');
INSERT INTO attendance (session_id, player_id, is_attending) VALUES (33, 1, 1);
INSERT INTO attendance (session_id, player_id, is_attending) VALUES (33, 2, 1);
INSERT INTO attendance (session_id, player_id, is_attending) VALUES (33, 3, 0);
INSERT INTO attendance (session_id, player_id, is_attending) VALUES (33, 4, 0);
INSERT INTO attendance (session_id, player_id, is_attending) VALUES (33, 5, 0);
INSERT INTO attendance (session_id, player_id, is_attending) VALUES (33, 6, 0);
INSERT INTO attendance (session_id, player_id, is_attending) VALUES (33, 7, 0);
INSERT INTO attendance (session_id, player_id, is_attending) VALUES (33, 8, 0);
INSERT INTO attendance (session_id, player_id, is_attending) VALUES (33, 9, 0);
INSERT INTO attendance (session_id, player_id, is_attending) VALUES (33, 10, 1);
INSERT INTO sessions (id, group_name, date, time_str) VALUES (34, 'Development', '2026-06-23', '6:00 PM');
INSERT INTO attendance (session_id, player_id, is_attending) VALUES (34, 1, 0);
INSERT INTO attendance (session_id, player_id, is_attending) VALUES (34, 2, 0);
INSERT INTO attendance (session_id, player_id, is_attending) VALUES (34, 3, 0);
INSERT INTO attendance (session_id, player_id, is_attending) VALUES (34, 4, 0);
INSERT INTO attendance (session_id, player_id, is_attending) VALUES (34, 5, 0);
INSERT INTO attendance (session_id, player_id, is_attending) VALUES (34, 6, 0);
INSERT INTO attendance (session_id, player_id, is_attending) VALUES (34, 7, 0);
INSERT INTO attendance (session_id, player_id, is_attending) VALUES (34, 8, 1);
INSERT INTO attendance (session_id, player_id, is_attending) VALUES (34, 9, 0);
INSERT INTO attendance (session_id, player_id, is_attending) VALUES (34, 10, 0);
INSERT INTO sessions (id, group_name, date, time_str) VALUES (35, 'Development', '2026-06-24', '6:00 PM');
INSERT INTO attendance (session_id, player_id, is_attending) VALUES (35, 1, 0);
INSERT INTO attendance (session_id, player_id, is_attending) VALUES (35, 2, 1);
INSERT INTO attendance (session_id, player_id, is_attending) VALUES (35, 3, 0);
INSERT INTO attendance (session_id, player_id, is_attending) VALUES (35, 4, 0);
INSERT INTO attendance (session_id, player_id, is_attending) VALUES (35, 5, 0);
INSERT INTO attendance (session_id, player_id, is_attending) VALUES (35, 6, 0);
INSERT INTO attendance (session_id, player_id, is_attending) VALUES (35, 7, 0);
INSERT INTO attendance (session_id, player_id, is_attending) VALUES (35, 8, 0);
INSERT INTO attendance (session_id, player_id, is_attending) VALUES (35, 9, 1);
INSERT INTO attendance (session_id, player_id, is_attending) VALUES (35, 10, 0);
INSERT INTO sessions (id, group_name, date, time_str) VALUES (36, 'Development', '2026-06-25', '6:00 PM');
INSERT INTO attendance (session_id, player_id, is_attending) VALUES (36, 1, 0);
INSERT INTO attendance (session_id, player_id, is_attending) VALUES (36, 2, 0);
INSERT INTO attendance (session_id, player_id, is_attending) VALUES (36, 3, 0);
INSERT INTO attendance (session_id, player_id, is_attending) VALUES (36, 4, 0);
INSERT INTO attendance (session_id, player_id, is_attending) VALUES (36, 5, 0);
INSERT INTO attendance (session_id, player_id, is_attending) VALUES (36, 6, 0);
INSERT INTO attendance (session_id, player_id, is_attending) VALUES (36, 7, 0);
INSERT INTO attendance (session_id, player_id, is_attending) VALUES (36, 8, 0);
INSERT INTO attendance (session_id, player_id, is_attending) VALUES (36, 9, 0);
INSERT INTO attendance (session_id, player_id, is_attending) VALUES (36, 10, 0);
INSERT INTO sessions (id, group_name, date, time_str) VALUES (37, 'Development', '2026-06-29', '6:00 PM');
INSERT INTO attendance (session_id, player_id, is_attending) VALUES (37, 1, 0);
INSERT INTO attendance (session_id, player_id, is_attending) VALUES (37, 2, 1);
INSERT INTO attendance (session_id, player_id, is_attending) VALUES (37, 3, 0);
INSERT INTO attendance (session_id, player_id, is_attending) VALUES (37, 4, 0);
INSERT INTO attendance (session_id, player_id, is_attending) VALUES (37, 5, 0);
INSERT INTO attendance (session_id, player_id, is_attending) VALUES (37, 6, 0);
INSERT INTO attendance (session_id, player_id, is_attending) VALUES (37, 7, 1);
INSERT INTO attendance (session_id, player_id, is_attending) VALUES (37, 8, 0);
INSERT INTO attendance (session_id, player_id, is_attending) VALUES (37, 9, 0);
INSERT INTO attendance (session_id, player_id, is_attending) VALUES (37, 10, 0);
INSERT INTO sessions (id, group_name, date, time_str) VALUES (38, 'Development', '2026-06-30', '6:00 PM');
INSERT INTO attendance (session_id, player_id, is_attending) VALUES (38, 1, 0);
INSERT INTO attendance (session_id, player_id, is_attending) VALUES (38, 2, 0);
INSERT INTO attendance (session_id, player_id, is_attending) VALUES (38, 3, 0);
INSERT INTO attendance (session_id, player_id, is_attending) VALUES (38, 4, 0);
INSERT INTO attendance (session_id, player_id, is_attending) VALUES (38, 5, 0);
INSERT INTO attendance (session_id, player_id, is_attending) VALUES (38, 6, 0);
INSERT INTO attendance (session_id, player_id, is_attending) VALUES (38, 7, 0);
INSERT INTO attendance (session_id, player_id, is_attending) VALUES (38, 8, 0);
INSERT INTO attendance (session_id, player_id, is_attending) VALUES (38, 9, 0);
INSERT INTO attendance (session_id, player_id, is_attending) VALUES (38, 10, 0);
INSERT INTO sessions (id, group_name, date, time_str) VALUES (39, 'Development', '2026-07-01', '6:00 PM');
INSERT INTO attendance (session_id, player_id, is_attending) VALUES (39, 1, 1);
INSERT INTO attendance (session_id, player_id, is_attending) VALUES (39, 2, 0);
INSERT INTO attendance (session_id, player_id, is_attending) VALUES (39, 3, 0);
INSERT INTO attendance (session_id, player_id, is_attending) VALUES (39, 4, 0);
INSERT INTO attendance (session_id, player_id, is_attending) VALUES (39, 5, 0);
INSERT INTO attendance (session_id, player_id, is_attending) VALUES (39, 6, 0);
INSERT INTO attendance (session_id, player_id, is_attending) VALUES (39, 7, 0);
INSERT INTO attendance (session_id, player_id, is_attending) VALUES (39, 8, 0);
INSERT INTO attendance (session_id, player_id, is_attending) VALUES (39, 9, 0);
INSERT INTO attendance (session_id, player_id, is_attending) VALUES (39, 10, 0);
INSERT INTO sessions (id, group_name, date, time_str) VALUES (40, 'Development', '2026-07-02', '6:00 PM');
INSERT INTO attendance (session_id, player_id, is_attending) VALUES (40, 1, 1);
INSERT INTO attendance (session_id, player_id, is_attending) VALUES (40, 2, 0);
INSERT INTO attendance (session_id, player_id, is_attending) VALUES (40, 3, 0);
INSERT INTO attendance (session_id, player_id, is_attending) VALUES (40, 4, 0);
INSERT INTO attendance (session_id, player_id, is_attending) VALUES (40, 5, 1);
INSERT INTO attendance (session_id, player_id, is_attending) VALUES (40, 6, 0);
INSERT INTO attendance (session_id, player_id, is_attending) VALUES (40, 7, 0);
INSERT INTO attendance (session_id, player_id, is_attending) VALUES (40, 8, 0);
INSERT INTO attendance (session_id, player_id, is_attending) VALUES (40, 9, 0);
INSERT INTO attendance (session_id, player_id, is_attending) VALUES (40, 10, 0);
INSERT INTO sessions (id, group_name, date, time_str) VALUES (41, 'Development', '2026-07-06', '6:00 PM');
INSERT INTO attendance (session_id, player_id, is_attending) VALUES (41, 1, 0);
INSERT INTO attendance (session_id, player_id, is_attending) VALUES (41, 2, 1);
INSERT INTO attendance (session_id, player_id, is_attending) VALUES (41, 3, 0);
INSERT INTO attendance (session_id, player_id, is_attending) VALUES (41, 4, 0);
INSERT INTO attendance (session_id, player_id, is_attending) VALUES (41, 5, 0);
INSERT INTO attendance (session_id, player_id, is_attending) VALUES (41, 6, 0);
INSERT INTO attendance (session_id, player_id, is_attending) VALUES (41, 7, 0);
INSERT INTO attendance (session_id, player_id, is_attending) VALUES (41, 8, 0);
INSERT INTO attendance (session_id, player_id, is_attending) VALUES (41, 9, 0);
INSERT INTO attendance (session_id, player_id, is_attending) VALUES (41, 10, 0);
INSERT INTO sessions (id, group_name, date, time_str) VALUES (42, 'Development', '2026-07-07', '6:00 PM');
INSERT INTO attendance (session_id, player_id, is_attending) VALUES (42, 1, 1);
INSERT INTO attendance (session_id, player_id, is_attending) VALUES (42, 2, 0);
INSERT INTO attendance (session_id, player_id, is_attending) VALUES (42, 3, 0);
INSERT INTO attendance (session_id, player_id, is_attending) VALUES (42, 4, 1);
INSERT INTO attendance (session_id, player_id, is_attending) VALUES (42, 5, 0);
INSERT INTO attendance (session_id, player_id, is_attending) VALUES (42, 6, 1);
INSERT INTO attendance (session_id, player_id, is_attending) VALUES (42, 7, 0);
INSERT INTO attendance (session_id, player_id, is_attending) VALUES (42, 8, 0);
INSERT INTO attendance (session_id, player_id, is_attending) VALUES (42, 9, 0);
INSERT INTO attendance (session_id, player_id, is_attending) VALUES (42, 10, 0);
INSERT INTO sessions (id, group_name, date, time_str) VALUES (43, 'Development', '2026-07-08', '6:00 PM');
INSERT INTO attendance (session_id, player_id, is_attending) VALUES (43, 1, 0);
INSERT INTO attendance (session_id, player_id, is_attending) VALUES (43, 2, 0);
INSERT INTO attendance (session_id, player_id, is_attending) VALUES (43, 3, 0);
INSERT INTO attendance (session_id, player_id, is_attending) VALUES (43, 4, 0);
INSERT INTO attendance (session_id, player_id, is_attending) VALUES (43, 5, 0);
INSERT INTO attendance (session_id, player_id, is_attending) VALUES (43, 6, 0);
INSERT INTO attendance (session_id, player_id, is_attending) VALUES (43, 7, 0);
INSERT INTO attendance (session_id, player_id, is_attending) VALUES (43, 8, 0);
INSERT INTO attendance (session_id, player_id, is_attending) VALUES (43, 9, 0);
INSERT INTO attendance (session_id, player_id, is_attending) VALUES (43, 10, 0);
INSERT INTO sessions (id, group_name, date, time_str) VALUES (44, 'Development', '2026-07-09', '6:00 PM');
INSERT INTO attendance (session_id, player_id, is_attending) VALUES (44, 1, 0);
INSERT INTO attendance (session_id, player_id, is_attending) VALUES (44, 2, 0);
INSERT INTO attendance (session_id, player_id, is_attending) VALUES (44, 3, 0);
INSERT INTO attendance (session_id, player_id, is_attending) VALUES (44, 4, 0);
INSERT INTO attendance (session_id, player_id, is_attending) VALUES (44, 5, 0);
INSERT INTO attendance (session_id, player_id, is_attending) VALUES (44, 6, 0);
INSERT INTO attendance (session_id, player_id, is_attending) VALUES (44, 7, 0);
INSERT INTO attendance (session_id, player_id, is_attending) VALUES (44, 8, 1);
INSERT INTO attendance (session_id, player_id, is_attending) VALUES (44, 9, 0);
INSERT INTO attendance (session_id, player_id, is_attending) VALUES (44, 10, 0);
INSERT INTO sessions (id, group_name, date, time_str) VALUES (45, 'Development', '2026-07-13', '6:00 PM');
INSERT INTO attendance (session_id, player_id, is_attending) VALUES (45, 1, 0);
INSERT INTO attendance (session_id, player_id, is_attending) VALUES (45, 2, 0);
INSERT INTO attendance (session_id, player_id, is_attending) VALUES (45, 3, 0);
INSERT INTO attendance (session_id, player_id, is_attending) VALUES (45, 4, 0);
INSERT INTO attendance (session_id, player_id, is_attending) VALUES (45, 5, 1);
INSERT INTO attendance (session_id, player_id, is_attending) VALUES (45, 6, 0);
INSERT INTO attendance (session_id, player_id, is_attending) VALUES (45, 7, 0);
INSERT INTO attendance (session_id, player_id, is_attending) VALUES (45, 8, 1);
INSERT INTO attendance (session_id, player_id, is_attending) VALUES (45, 9, 0);
INSERT INTO attendance (session_id, player_id, is_attending) VALUES (45, 10, 0);
INSERT INTO sessions (id, group_name, date, time_str) VALUES (46, 'Development', '2026-07-14', '6:00 PM');
INSERT INTO attendance (session_id, player_id, is_attending) VALUES (46, 1, 1);
INSERT INTO attendance (session_id, player_id, is_attending) VALUES (46, 2, 0);
INSERT INTO attendance (session_id, player_id, is_attending) VALUES (46, 3, 0);
INSERT INTO attendance (session_id, player_id, is_attending) VALUES (46, 4, 0);
INSERT INTO attendance (session_id, player_id, is_attending) VALUES (46, 5, 0);
INSERT INTO attendance (session_id, player_id, is_attending) VALUES (46, 6, 0);
INSERT INTO attendance (session_id, player_id, is_attending) VALUES (46, 7, 0);
INSERT INTO attendance (session_id, player_id, is_attending) VALUES (46, 8, 1);
INSERT INTO attendance (session_id, player_id, is_attending) VALUES (46, 9, 0);
INSERT INTO attendance (session_id, player_id, is_attending) VALUES (46, 10, 0);
INSERT INTO sessions (id, group_name, date, time_str) VALUES (47, 'Development', '2026-07-15', '6:00 PM');
INSERT INTO attendance (session_id, player_id, is_attending) VALUES (47, 1, 0);
INSERT INTO attendance (session_id, player_id, is_attending) VALUES (47, 2, 1);
INSERT INTO attendance (session_id, player_id, is_attending) VALUES (47, 3, 0);
INSERT INTO attendance (session_id, player_id, is_attending) VALUES (47, 4, 0);
INSERT INTO attendance (session_id, player_id, is_attending) VALUES (47, 5, 0);
INSERT INTO attendance (session_id, player_id, is_attending) VALUES (47, 6, 0);
INSERT INTO attendance (session_id, player_id, is_attending) VALUES (47, 7, 0);
INSERT INTO attendance (session_id, player_id, is_attending) VALUES (47, 8, 0);
INSERT INTO attendance (session_id, player_id, is_attending) VALUES (47, 9, 0);
INSERT INTO attendance (session_id, player_id, is_attending) VALUES (47, 10, 0);
INSERT INTO sessions (id, group_name, date, time_str) VALUES (48, 'Development', '2026-07-16', '6:00 PM');
INSERT INTO attendance (session_id, player_id, is_attending) VALUES (48, 1, 0);
INSERT INTO attendance (session_id, player_id, is_attending) VALUES (48, 2, 1);
INSERT INTO attendance (session_id, player_id, is_attending) VALUES (48, 3, 0);
INSERT INTO attendance (session_id, player_id, is_attending) VALUES (48, 4, 0);
INSERT INTO attendance (session_id, player_id, is_attending) VALUES (48, 5, 0);
INSERT INTO attendance (session_id, player_id, is_attending) VALUES (48, 6, 0);
INSERT INTO attendance (session_id, player_id, is_attending) VALUES (48, 7, 0);
INSERT INTO attendance (session_id, player_id, is_attending) VALUES (48, 8, 0);
INSERT INTO attendance (session_id, player_id, is_attending) VALUES (48, 9, 0);
INSERT INTO attendance (session_id, player_id, is_attending) VALUES (48, 10, 0);
INSERT INTO sessions (id, group_name, date, time_str) VALUES (49, 'Development', '2026-07-20', '6:00 PM');
INSERT INTO attendance (session_id, player_id, is_attending) VALUES (49, 1, 0);
INSERT INTO attendance (session_id, player_id, is_attending) VALUES (49, 2, 1);
INSERT INTO attendance (session_id, player_id, is_attending) VALUES (49, 3, 0);
INSERT INTO attendance (session_id, player_id, is_attending) VALUES (49, 4, 0);
INSERT INTO attendance (session_id, player_id, is_attending) VALUES (49, 5, 0);
INSERT INTO attendance (session_id, player_id, is_attending) VALUES (49, 6, 0);
INSERT INTO attendance (session_id, player_id, is_attending) VALUES (49, 7, 0);
INSERT INTO attendance (session_id, player_id, is_attending) VALUES (49, 8, 1);
INSERT INTO attendance (session_id, player_id, is_attending) VALUES (49, 9, 1);
INSERT INTO attendance (session_id, player_id, is_attending) VALUES (49, 10, 0);
INSERT INTO sessions (id, group_name, date, time_str) VALUES (50, 'Development', '2026-07-21', '6:00 PM');
INSERT INTO attendance (session_id, player_id, is_attending) VALUES (50, 1, 1);
INSERT INTO attendance (session_id, player_id, is_attending) VALUES (50, 2, 0);
INSERT INTO attendance (session_id, player_id, is_attending) VALUES (50, 3, 0);
INSERT INTO attendance (session_id, player_id, is_attending) VALUES (50, 4, 0);
INSERT INTO attendance (session_id, player_id, is_attending) VALUES (50, 5, 0);
INSERT INTO attendance (session_id, player_id, is_attending) VALUES (50, 6, 0);
INSERT INTO attendance (session_id, player_id, is_attending) VALUES (50, 7, 0);
INSERT INTO attendance (session_id, player_id, is_attending) VALUES (50, 8, 0);
INSERT INTO attendance (session_id, player_id, is_attending) VALUES (50, 9, 0);
INSERT INTO attendance (session_id, player_id, is_attending) VALUES (50, 10, 0);
INSERT INTO sessions (id, group_name, date, time_str) VALUES (51, 'Development', '2026-07-22', '6:00 PM');
INSERT INTO attendance (session_id, player_id, is_attending) VALUES (51, 1, 1);
INSERT INTO attendance (session_id, player_id, is_attending) VALUES (51, 2, 0);
INSERT INTO attendance (session_id, player_id, is_attending) VALUES (51, 3, 0);
INSERT INTO attendance (session_id, player_id, is_attending) VALUES (51, 4, 0);
INSERT INTO attendance (session_id, player_id, is_attending) VALUES (51, 5, 0);
INSERT INTO attendance (session_id, player_id, is_attending) VALUES (51, 6, 0);
INSERT INTO attendance (session_id, player_id, is_attending) VALUES (51, 7, 0);
INSERT INTO attendance (session_id, player_id, is_attending) VALUES (51, 8, 0);
INSERT INTO attendance (session_id, player_id, is_attending) VALUES (51, 9, 0);
INSERT INTO attendance (session_id, player_id, is_attending) VALUES (51, 10, 1);
INSERT INTO sessions (id, group_name, date, time_str) VALUES (52, 'Development', '2026-07-23', '6:00 PM');
INSERT INTO attendance (session_id, player_id, is_attending) VALUES (52, 1, 1);
INSERT INTO attendance (session_id, player_id, is_attending) VALUES (52, 2, 0);
INSERT INTO attendance (session_id, player_id, is_attending) VALUES (52, 3, 0);
INSERT INTO attendance (session_id, player_id, is_attending) VALUES (52, 4, 0);
INSERT INTO attendance (session_id, player_id, is_attending) VALUES (52, 5, 0);
INSERT INTO attendance (session_id, player_id, is_attending) VALUES (52, 6, 0);
INSERT INTO attendance (session_id, player_id, is_attending) VALUES (52, 7, 0);
INSERT INTO attendance (session_id, player_id, is_attending) VALUES (52, 8, 0);
INSERT INTO attendance (session_id, player_id, is_attending) VALUES (52, 9, 0);
INSERT INTO attendance (session_id, player_id, is_attending) VALUES (52, 10, 0);
INSERT INTO sessions (id, group_name, date, time_str) VALUES (53, 'Development', '2026-07-27', '6:00 PM');
INSERT INTO attendance (session_id, player_id, is_attending) VALUES (53, 1, 1);
INSERT INTO attendance (session_id, player_id, is_attending) VALUES (53, 2, 0);
INSERT INTO attendance (session_id, player_id, is_attending) VALUES (53, 3, 0);
INSERT INTO attendance (session_id, player_id, is_attending) VALUES (53, 4, 0);
INSERT INTO attendance (session_id, player_id, is_attending) VALUES (53, 5, 0);
INSERT INTO attendance (session_id, player_id, is_attending) VALUES (53, 6, 0);
INSERT INTO attendance (session_id, player_id, is_attending) VALUES (53, 7, 0);
INSERT INTO attendance (session_id, player_id, is_attending) VALUES (53, 8, 0);
INSERT INTO attendance (session_id, player_id, is_attending) VALUES (53, 9, 0);
INSERT INTO attendance (session_id, player_id, is_attending) VALUES (53, 10, 0);
INSERT INTO sessions (id, group_name, date, time_str) VALUES (54, 'Development', '2026-07-28', '6:00 PM');
INSERT INTO attendance (session_id, player_id, is_attending) VALUES (54, 1, 0);
INSERT INTO attendance (session_id, player_id, is_attending) VALUES (54, 2, 1);
INSERT INTO attendance (session_id, player_id, is_attending) VALUES (54, 3, 0);
INSERT INTO attendance (session_id, player_id, is_attending) VALUES (54, 4, 0);
INSERT INTO attendance (session_id, player_id, is_attending) VALUES (54, 5, 0);
INSERT INTO attendance (session_id, player_id, is_attending) VALUES (54, 6, 0);
INSERT INTO attendance (session_id, player_id, is_attending) VALUES (54, 7, 0);
INSERT INTO attendance (session_id, player_id, is_attending) VALUES (54, 8, 0);
INSERT INTO attendance (session_id, player_id, is_attending) VALUES (54, 9, 0);
INSERT INTO attendance (session_id, player_id, is_attending) VALUES (54, 10, 0);
INSERT INTO sessions (id, group_name, date, time_str) VALUES (55, 'Development', '2026-07-29', '6:00 PM');
INSERT INTO attendance (session_id, player_id, is_attending) VALUES (55, 1, 1);
INSERT INTO attendance (session_id, player_id, is_attending) VALUES (55, 2, 0);
INSERT INTO attendance (session_id, player_id, is_attending) VALUES (55, 3, 0);
INSERT INTO attendance (session_id, player_id, is_attending) VALUES (55, 4, 1);
INSERT INTO attendance (session_id, player_id, is_attending) VALUES (55, 5, 0);
INSERT INTO attendance (session_id, player_id, is_attending) VALUES (55, 6, 0);
INSERT INTO attendance (session_id, player_id, is_attending) VALUES (55, 7, 0);
INSERT INTO attendance (session_id, player_id, is_attending) VALUES (55, 8, 0);
INSERT INTO attendance (session_id, player_id, is_attending) VALUES (55, 9, 0);
INSERT INTO attendance (session_id, player_id, is_attending) VALUES (55, 10, 0);
INSERT INTO sessions (id, group_name, date, time_str) VALUES (56, 'Development', '2026-07-30', '6:00 PM');
INSERT INTO attendance (session_id, player_id, is_attending) VALUES (56, 1, 1);
INSERT INTO attendance (session_id, player_id, is_attending) VALUES (56, 2, 1);
INSERT INTO attendance (session_id, player_id, is_attending) VALUES (56, 3, 0);
INSERT INTO attendance (session_id, player_id, is_attending) VALUES (56, 4, 0);
INSERT INTO attendance (session_id, player_id, is_attending) VALUES (56, 5, 0);
INSERT INTO attendance (session_id, player_id, is_attending) VALUES (56, 6, 0);
INSERT INTO attendance (session_id, player_id, is_attending) VALUES (56, 7, 0);
INSERT INTO attendance (session_id, player_id, is_attending) VALUES (56, 8, 0);
INSERT INTO attendance (session_id, player_id, is_attending) VALUES (56, 9, 0);
INSERT INTO attendance (session_id, player_id, is_attending) VALUES (56, 10, 0);
